region,display_name,parent_group,project_set,manual_launch_date,manual_built_up_min_sqft,manual_built_up_max_sqft,manual_psf_min,manual_psf_max,tracking_notes,shortlist_active,shortlist_origin,snapshot_date,source,source_project_id,project_name,developer_id,developer_name,developer_status,developer_project_count,developer_license_number,developer_license_start_date,developer_license_end_date,state,district,project_location,latitude,longitude,source_state_value,source_district_value,permit_number,permit_start_date,permit_end_date,first_spa_date,teduh_spa_price_min,teduh_spa_price_max,hims_project_reference_date,hims_project_reference_date_basis,hims_eligibility_cutoff_date,project_status,development_type,agreement_type,original_construction_period,expected_vp_date,vp_period_amended,approved_extension_period,revised_construction_period,revised_vp_date,ccc_obtained,ccc_date,vp_date,reported_total_units,unit_records_count,priced_unit_records_count,sold_units,unsold_units,booked_or_reserved_units,unknown_sales_status_units,comparable_total_units,sales_percentage,value_sold_percentage,sales_construction_gap,construction_percentage,potential_listed_gdv,average_listed_price_per_unit,median_listed_price_per_unit,listed_price_p25,listed_price_p75,sold_listed_value,recorded_spa_sales_value,average_recorded_spa_price_per_unit,median_recorded_spa_price_per_unit,estimated_sold_value,remaining_listed_value,recorded_price_realisation_percentage,median_recorded_discount_percentage,bumi_total_units,bumi_sold_units,bumi_unsold_units,bumi_sales_percentage,minimum_indicative_gdv,maximum_indicative_gdv,unit_coverage_percentage,listed_price_coverage_percentage,spa_price_coverage_percentage,duplicate_unit_identifiers,construction_row_units,construction_row_count,gdv_confidence,sales_percentage_confidence,sales_value_confidence,construction_confidence,construction_note,component_sales_count,component_sales_confidence,component_sales_note,source_url,source_detail_api_url,source_units_api_url,source_dataset_as_of,source_dataset_as_of_method,retrieved_at,transformation_version,construction_rows_json,component_sales_json,remaining_inventory_json,permit_history_json
Kuala Lumpur,Alderwood Residence,,comparator_set,,,,,,,Yes,initial_public_shortlist,2026-09-22,TEDUH,31112-1,Residensi Alderwood,31112,GOLDEN ALDERWOOD PROPERTIES SDN. BHD.,Aktif,1,31112/07-2030/0168(A),2025-07-26,2030-07-25,Wp Kuala Lumpur,Kuala Lumpur,"Kuala Lumpur, WP Kuala Lumpur",3.125225,101.723653,Wp Kuala Lumpur,Kuala Lumpur,31112-1/01-2029/0018(N)-(S),2026-01-06,2029-01-05,2026-01-23,761040.00,2106720.00,2026-01-23,first_spa_date,2022-01-01,Lancar,Berfasa,Jadual H,36 Bulan,2029-01-23,Ya,12 Bulan,48 Bulan,2030-01-23,No,,,186,186,186,86,100,0,0,186,46.236559,33.507426,32.282957,13.953602,277771260.00,1493393.870967741935483870968,1627560.00,956340.0000,1985280.0000,117596280.00,93074000.00,1082255.813953488372093023256,1176500.00,93074000.00,160174980.00,79.147061,22.391205,0,0,0,,243569760.00,321359220.00,100.0,100.0,100.0,0,186,2,high,high,high,high,,2,high,,https://teduh.kpkt.gov.my/semakan-status-kemajuan,https://teduh.kpkt.gov.my/api/projek-swasta/31112-1,https://teduh.kpkt.gov.my/api/unit-projek-swasta/31112-1,2026-09-21,TEDUH frontend previous-day label; not an API timestamp,2026-09-22T20:15:10+08:00,1.5.2,"[{""jenis"":""Pangsapuri Servis"",""tingkat"":""35"",""bilik"":""3"",""tandas"":""3"",""keluasan"":""0"",""unit"":119,""hargaMin"":""1,618,320.00"",""hargaMax"":""2,106,720.00"",""peratus"":""13.95"",""komponen"":""Lancar"",""ccc"":""-"",""vp"":""-""},{""jenis"":""Suite Homes"",""tingkat"":""35"",""bilik"":""2"",""tandas"":""2"",""keluasan"":""0"",""unit"":67,""hargaMin"":""761,040.00"",""hargaMax"":""1,054,620.00"",""peratus"":""13.96"",""komponen"":""Lancar"",""ccc"":""-"",""vp"":""-""}]","[{""component_number"":1,""component_label"":""Component 1"",""source_component_id"":""59277"",""property_type"":""Pangsapuri Servis"",""total_units"":119,""sold_units"":46,""unsold_units"":73,""booked_or_reserved_units"":0,""unknown_sales_status_units"":0,""comparable_total_units"":119,""sales_percentage"":38.655462,""duplicate_unit_identifiers"":0,""confidence"":""high""},{""component_number"":2,""component_label"":""Component 2"",""source_component_id"":""59278"",""property_type"":""Suite Homes"",""total_units"":67,""sold_units"":40,""unsold_units"":27,""booked_or_reserved_units"":0,""unknown_sales_status_units"":0,""comparable_total_units"":67,""sales_percentage"":59.701493,""duplicate_unit_identifiers"":0,""confidence"":""high""}]","[{""source_component_id"":""59277"",""property_type"":""Pangsapuri Servis"",""quota_category"":""Non-Bumiputera"",""units"":73,""listed_value"":""134774640.00"",""minimum_listed_price"":""1618320.00"",""maximum_listed_price"":""2106720.00"",""listed_price_coverage_percentage"":100.0},{""source_component_id"":""59278"",""property_type"":""Suite Homes"",""quota_category"":""Non-Bumiputera"",""units"":27,""listed_value"":""25400340.00"",""minimum_listed_price"":""768600.00"",""maximum_listed_price"":""1054620.00"",""listed_price_coverage_percentage"":100.0}]",[]
Kuala Lumpur,Aricia Residence,,comparator_set,,,,,,,Yes,initial_public_shortlist,2026-09-22,TEDUH,30632-1,Residensi Aris,30632,ARICIA SDN. BHD.,Aktif,1,30632/11-2028/0307(A),2023-11-28,2028-11-27,Wp Kuala Lumpur,Kuala Lumpur,"Kuala Lumpur, WP Kuala Lumpur",3.123102,101.708992,Wp Kuala Lumpur,Kuala Lumpur,30632-1/01-2028/0076(A)-(S),2025-01-25,2028-01-24,2025-02-08,530000.00,1396000.00,2025-02-08,first_spa_date,2022-01-01,Lancar,Berfasa,Jadual H,36 Bulan,2028-02-08,Ya,20 Bulan,56 Bulan,2029-10-08,No,,,787,787,787,605,182,0,0,787,76.874206,61.295501,39.276646,37.59756,672797000.00,854888.1829733163913595933926,833000.00,583000.000,919000.000,473701000.00,412394295.00,681643.4628099173553719008264,663000.00,412394295.00,199096000.00,87.057932,13.05483,14,14,0,100.0,480977000.00,938810000.00,100.0,100.0,100.0,0,787,2,high,high,high,high,,2,high,,https://teduh.kpkt.gov.my/semakan-status-kemajuan,https://teduh.kpkt.gov.my/api/projek-swasta/30632-1,https://teduh.kpkt.gov.my/api/unit-projek-swasta/30632-1,2026-09-21,TEDUH frontend previous-day label; not an API timestamp,2026-09-22T20:15:13+08:00,1.5.2,"[{""jenis"":""Pangsapuri Servis"",""tingkat"":""40"",""bilik"":""1, 3"",""tandas"":""1, 2, 3"",""keluasan"":""0"",""unit"":438,""hargaMin"":""530,000.00"",""hargaMax"":""1,396,000.00"",""peratus"":""37.50"",""komponen"":""Lancar"",""ccc"":""-"",""vp"":""-""},{""jenis"":""Pangsapuri Servis"",""tingkat"":""39"",""bilik"":""2, 3"",""tandas"":""2"",""keluasan"":""0"",""unit"":349,""hargaMin"":""713,000.00"",""hargaMax"":""938,000.00"",""peratus"":""37.72"",""komponen"":""Lancar"",""ccc"":""-"",""vp"":""-""}]","[{""component_number"":1,""component_label"":""Component 1"",""source_component_id"":""57374"",""property_type"":""Pangsapuri Servis"",""total_units"":438,""sold_units"":301,""unsold_units"":137,""booked_or_reserved_units"":0,""unknown_sales_status_units"":0,""comparable_total_units"":438,""sales_percentage"":68.721461,""duplicate_unit_identifiers"":0,""confidence"":""high""},{""component_number"":2,""component_label"":""Component 2"",""source_component_id"":""57375"",""property_type"":""Pangsapuri Servis"",""total_units"":349,""sold_units"":304,""unsold_units"":45,""booked_or_reserved_units"":0,""unknown_sales_status_units"":0,""comparable_total_units"":349,""sales_percentage"":87.106017,""duplicate_unit_identifiers"":0,""confidence"":""high""}]","[{""source_component_id"":""57374"",""property_type"":""Pangsapuri Servis"",""quota_category"":""Non-Bumiputera"",""units"":137,""listed_value"":""158261000.00"",""minimum_listed_price"":""567000.00"",""maximum_listed_price"":""1351000.00"",""listed_price_coverage_percentage"":100.0},{""source_component_id"":""57375"",""property_type"":""Pangsapuri Servis"",""quota_category"":""Non-Bumiputera"",""units"":45,""listed_value"":""40835000.00"",""minimum_listed_price"":""760000.00"",""maximum_listed_price"":""938000.00"",""listed_price_coverage_percentage"":100.0}]","[{""no"":""30632-1/01-2028/0076(A)-(S)"",""mula"":""25 Jan 2025"",""tamat"":""24 Jan 2028"",""tempoh"":""36 bulan"",""is_latest"":false,""status"":""Aktif""},{""no"":""30632-1/01-2028/0076(N)-(S)"",""mula"":""25 Jan 2025"",""tamat"":""24 Jan 2028"",""tempoh"":""36 bulan"",""is_latest"":false,""status"":""Tidak Aktif""}]"
Kuala Lumpur,Armani Hallson KLCC,Armani Group,comparator_set,,,,,,,Yes,initial_public_shortlist,2026-09-22,TEDUH,30256-2,Residensi Armani Hallson Klcc,30256,ARMANI HALLSON KLCC SDN. BHD.,Aktif,2,30256/10-2027/0255(A),2022-10-14,2027-10-13,Wp Kuala Lumpur,,WP Kuala Lumpur,3.158661,101.707563,Wp Kuala Lumpur,,30256-2/06-2028/0465(A)-(S),2025-06-12,2028-06-11,2025-06-20,1100000.00,5470971.00,2025-06-20,first_spa_date,2022-01-01,Lancar,Berfasa,Jadual H,36 Bulan,2028-06-20,Ya,24 Bulan,60 Bulan,2030-06-20,No,,,2215,2215,2215,1024,1191,0,0,2215,46.230248,36.252442,16.230248,30.0,3847936169.00,1737217.232054176072234762980,1474091.00,1381257.000,1679543.000,1658866768.00,1394970822.81,1362276.194150390625,1148000.00,1394970822.81,2189069401.00,84.091794,15.825996,0,0,0,,2499580640.00,9197912415.00,100.0,100.0,100.0,0,2215,2,high,high,high,high,,2,high,,https://teduh.kpkt.gov.my/semakan-status-kemajuan,https://teduh.kpkt.gov.my/api/projek-swasta/30256-2,https://teduh.kpkt.gov.my/api/unit-projek-swasta/30256-2,2026-09-21,TEDUH frontend previous-day label; not an API timestamp,2026-09-22T20:15:16+08:00,1.5.2,"[{""jenis"":""Suite Homes"",""tingkat"":""78"",""bilik"":""1"",""tandas"":""1"",""keluasan"":""0"",""unit"":1440,""hargaMin"":""1,143,806.00"",""hargaMax"":""5,470,971.00"",""peratus"":""30.00"",""komponen"":""Lancar"",""ccc"":""-"",""vp"":""-""},{""jenis"":""Soho"",""tingkat"":""69"",""bilik"":""1"",""tandas"":""1"",""keluasan"":""0"",""unit"":775,""hargaMin"":""1,100,000.00"",""hargaMax"":""1,702,857.00"",""peratus"":""30.00"",""komponen"":""Lancar"",""ccc"":""-"",""vp"":""-""}]","[{""component_number"":1,""component_label"":""Component 1"",""source_component_id"":""58092"",""property_type"":""Suite Homes"",""total_units"":1440,""sold_units"":774,""unsold_units"":666,""booked_or_reserved_units"":0,""unknown_sales_status_units"":0,""comparable_total_units"":1440,""sales_percentage"":53.75,""duplicate_unit_identifiers"":0,""confidence"":""high""},{""component_number"":2,""component_label"":""Component 2"",""source_component_id"":""58093"",""property_type"":""Soho"",""total_units"":775,""sold_units"":250,""unsold_units"":525,""booked_or_reserved_units"":0,""unknown_sales_status_units"":0,""comparable_total_units"":775,""sales_percentage"":32.258065,""duplicate_unit_identifiers"":0,""confidence"":""high""}]","[{""source_component_id"":""58093"",""property_type"":""Soho"",""quota_category"":""Non-Bumiputera"",""units"":525,""listed_value"":""784078571.00"",""minimum_listed_price"":""1104000.00"",""maximum_listed_price"":""1700571.00"",""listed_price_coverage_percentage"":100.0},{""source_component_id"":""58092"",""property_type"":""Suite Homes"",""quota_category"":""Non-Bumiputera"",""units"":666,""listed_value"":""1404990830.00"",""minimum_listed_price"":""1185166.00"",""maximum_listed_price"":""5470971.00"",""listed_price_coverage_percentage"":100.0}]","[{""no"":""30256-2/06-2028/0465(A)-(S)"",""mula"":""12 Jun 2025"",""tamat"":""11 Jun 2028"",""tempoh"":""36 bulan"",""is_latest"":false,""status"":""Aktif""},{""no"":""30256-2/06-2028/0465(N)-(S)"",""mula"":""12 Jun 2025"",""tamat"":""11 Jun 2028"",""tempoh"":""36 bulan"",""is_latest"":false,""status"":""Tidak Aktif""}]"
Kuala Lumpur,Arte Solaris,ASIA LINK-UP SDN BHD,comparator_set,,,,,,,Yes,initial_public_shortlist,2026-09-22,TEDUH,30280-1,Arte Solaris,30280,SOLARIS CERIA SDN. BHD.,Aktif,1,30280/11-2027/0279(A),2022-11-10,2027-11-09,Wp Kuala Lumpur,Kuala Lumpur,"Kuala Lumpur, WP Kuala Lumpur",3.173868,101.659462,Wp Kuala Lumpur,Kuala Lumpur,30280-1/07-2027/0446(R)-(S),2026-07-10,2027-07-09,2023-09-06,988000.00,2699000.00,2023-09-06,first_spa_date,2022-01-01,Lancar,Berfasa,Jadual H,36 Bulan,2026-09-06,Ya,16 Bulan,52 Bulan,2028-01-06,No,,,170,170,170,140,30,0,0,170,82.352941,72.236538,-4.147059,86.5,220362000.00,1296247.058823529411764705882,1295500.00,1072000.0000,1360000.0000,179053000.00,159181880.00,1137013.428571428571428571429,1098455.00,159181880.00,41309000.00,88.902102,9.529044,9,9,0,100.0,167960000.00,458830000.00,100.0,100.0,100.0,0,170,1,high,high,high,high,,1,high,,https://teduh.kpkt.gov.my/semakan-status-kemajuan,https://teduh.kpkt.gov.my/api/projek-swasta/30280-1,https://teduh.kpkt.gov.my/api/unit-projek-swasta/30280-1,2026-09-21,TEDUH frontend previous-day label; not an API timestamp,2026-09-22T20:15:18+08:00,1.5.2,"[{""jenis"":""Pangsapuri Servis"",""tingkat"":""20"",""bilik"":""1, 2, 3"",""tandas"":""1, 2, 3"",""keluasan"":""0"",""unit"":170,""hargaMin"":""988,000.00"",""hargaMax"":""2,699,000.00"",""peratus"":""86.50"",""komponen"":""Lancar"",""ccc"":""-"",""vp"":""-""}]","[{""component_number"":1,""component_label"":""Component 1"",""source_component_id"":""53597"",""property_type"":""Pangsapuri Servis"",""total_units"":170,""sold_units"":140,""unsold_units"":30,""booked_or_reserved_units"":0,""unknown_sales_status_units"":0,""comparable_total_units"":170,""sales_percentage"":82.352941,""duplicate_unit_identifiers"":0,""confidence"":""high""}]","[{""source_component_id"":""53597"",""property_type"":""Pangsapuri Servis"",""quota_category"":""Non-Bumiputera"",""units"":30,""listed_value"":""41309000.00"",""minimum_listed_price"":""1040000.00"",""maximum_listed_price"":""2699000.00"",""listed_price_coverage_percentage"":100.0}]","[{""no"":""30280-1/07-2026/0797(A)-(S)"",""mula"":""10 Jul 2023"",""tamat"":""09 Jul 2026"",""tempoh"":""36 bulan"",""is_latest"":false,""status"":""Tamat""},{""no"":""30280-1/07-2026/0797(N)-(S)"",""mula"":""10 Jul 2023"",""tamat"":""09 Jul 2026"",""tempoh"":""36 bulan"",""is_latest"":false,""status"":""Tamat""}]"
Kuala Lumpur,Asa Residence,,comparator_set,,,,,,,Yes,initial_public_shortlist,2026-09-22,TEDUH,30777-1,Residensi Asa,30777,AK SP SDN. BHD.,Aktif,1,30777/05-2029/0119(A),2024-05-27,2029-05-26,Wp Kuala Lumpur,,WP Kuala Lumpur,3.06391,101.70075,Wp Kuala Lumpur,,30777-1/09-2027/0817(A)-(S),2024-09-06,2027-09-05,2026-09-15,1240000.00,3844000.00,2026-09-15,first_spa_date,2022-01-01,Lancar,Berfasa,Jadual H,36 Bulan,2029-09-15,Ya,12 Bulan,48 Bulan,2030-09-15,No,,,324,324,324,8,316,0,0,324,2.469136,2.670628,,,545602000.00,1683956.790123456790123456790,1807500.00,1298750.0000,1900250.0000,14571000.00,14571000.00,1821375.00,1929000.00,14571000.00,531031000.00,100.0,0.0,129,0,129,0.0,,,100.0,100.0,100.0,0,,2,high,high,high,unavailable,Potential double-counted construction groups,2,high,,https://teduh.kpkt.gov.my/semakan-status-kemajuan,https://teduh.kpkt.gov.my/api/projek-swasta/30777-1,https://teduh.kpkt.gov.my/api/unit-projek-swasta/30777-1,2026-09-21,TEDUH frontend previous-day label; not an API timestamp,2026-09-22T20:15:21+08:00,1.5.2,"[{""jenis"":""Rumah Pangsa/Kondo"",""tingkat"":""34"",""bilik"":""3, 4, 5, 6"",""tandas"":""4, 5, 6, 7"",""keluasan"":""0"",""unit"":162,""hargaMin"":""1,279,000.00"",""hargaMax"":""3,844,000.00"",""peratus"":""20.83"",""komponen"":""Lancar"",""ccc"":""-"",""vp"":""-""},{""jenis"":""Rumah Pangsa/Kondo"",""tingkat"":""34"",""bilik"":""3, 4, 5, 6"",""tandas"":""4, 5, 6, 7"",""keluasan"":""0"",""unit"":162,""hargaMin"":""1,240,000.00"",""hargaMax"":""3,688,000.00"",""peratus"":""20.65"",""komponen"":""Lancar"",""ccc"":""-"",""vp"":""-""}]","[{""component_number"":1,""component_label"":""Component 1"",""source_component_id"":""56539"",""property_type"":""Rumah Pangsa/Kondo"",""total_units"":162,""sold_units"":6,""unsold_units"":156,""booked_or_reserved_units"":0,""unknown_sales_status_units"":0,""comparable_total_units"":162,""sales_percentage"":3.703704,""duplicate_unit_identifiers"":0,""confidence"":""high""},{""component_number"":2,""component_label"":""Component 2"",""source_component_id"":""56540"",""property_type"":""Rumah Pangsa/Kondo"",""total_units"":162,""sold_units"":2,""unsold_units"":160,""booked_or_reserved_units"":0,""unknown_sales_status_units"":0,""comparable_total_units"":162,""sales_percentage"":1.234568,""duplicate_unit_identifiers"":0,""confidence"":""high""}]","[{""source_component_id"":""56539"",""property_type"":""Rumah Pangsa/Kondo"",""quota_category"":""Bumiputera"",""units"":65,""listed_value"":""106985000.00"",""minimum_listed_price"":""1280000.00"",""maximum_listed_price"":""1939000.00"",""listed_price_coverage_percentage"":100.0},{""source_component_id"":""56539"",""property_type"":""Rumah Pangsa/Kondo"",""quota_category"":""Non-Bumiputera"",""units"":91,""listed_value"":""156982000.00"",""minimum_listed_price"":""1279000.00"",""maximum_listed_price"":""3844000.00"",""listed_price_coverage_percentage"":100.0},{""source_component_id"":""56540"",""property_type"":""Rumah Pangsa/Kondo"",""quota_category"":""Bumiputera"",""units"":64,""listed_value"":""95103000.00"",""minimum_listed_price"":""1240000.00"",""maximum_listed_price"":""1893000.00"",""listed_price_coverage_percentage"":100.0},{""source_component_id"":""56540"",""property_type"":""Rumah Pangsa/Kondo"",""quota_category"":""Non-Bumiputera"",""units"":96,""listed_value"":""171961000.00"",""minimum_listed_price"":""1241000.00"",""maximum_listed_price"":""3688000.00"",""listed_price_coverage_percentage"":100.0}]","[{""no"":""30777-1/09-2027/0817(A)-(S)"",""mula"":""06 Sep 2024"",""tamat"":""05 Sep 2027"",""tempoh"":""36 bulan"",""is_latest"":false,""status"":""Aktif""},{""no"":""30777-1/09-2027/0817(N)-(S)"",""mula"":""06 Sep 2024"",""tamat"":""05 Sep 2027"",""tempoh"":""36 bulan"",""is_latest"":false,""status"":""Tidak Aktif""}]"
Kuala Lumpur,Astoria Ceylon Hill,LAND PACIFIC DEVELOPMENT SDN BHD,comparator_set,,,,,,,Yes,initial_public_shortlist,2026-09-22,TEDUH,30980-1,Astoria Ceylon Hill,30980,PACIFIC GEOLAND SDN. BHD.,Aktif,1,30980/03-2030/0036(N),2025-03-07,2030-03-06,Wp Kuala Lumpur,Kuala Lumpur,"Kuala Lumpur, WP Kuala Lumpur",3.148891,101.704299,Wp Kuala Lumpur,Kuala Lumpur,30980-1/04-2029/0288(N)-(S),2026-04-13,2029-04-12,,1128000.00,1974000.00,2026-04-13,permit_start_date_fallback,2022-01-01,Lancar,Berfasa,Jadual H,36 Bulan,,Ya,24 Bulan,60 Bulan,,No,,,528,528,528,0,528,0,0,528,0.0,0.0,-2.5,2.5,778225000.00,1473910.984848484848484848485,1418000.00,1374000.0000,1474000.0000,0,0,,,0,778225000.00,,,0,0,0,,595584000.00,1042272000.00,100.0,100.0,,0,528,1,high,high,high,high,,1,high,,https://teduh.kpkt.gov.my/semakan-status-kemajuan,https://teduh.kpkt.gov.my/api/projek-swasta/30980-1,https://teduh.kpkt.gov.my/api/unit-projek-swasta/30980-1,2026-09-21,TEDUH frontend previous-day label; not an API timestamp,2026-09-22T20:15:23+08:00,1.5.2,"[{""jenis"":""Pangsapuri Servis"",""tingkat"":""38"",""bilik"":""1, 2, 3"",""tandas"":""1, 2"",""keluasan"":""0"",""unit"":528,""hargaMin"":""1,128,000.00"",""hargaMax"":""1,974,000.00"",""peratus"":""2.50"",""komponen"":""Lancar"",""ccc"":""-"",""vp"":""-""}]","[{""component_number"":1,""component_label"":""Component 1"",""source_component_id"":""59753"",""property_type"":""Pangsapuri Servis"",""total_units"":528,""sold_units"":0,""unsold_units"":528,""booked_or_reserved_units"":0,""unknown_sales_status_units"":0,""comparable_total_units"":528,""sales_percentage"":0.0,""duplicate_unit_identifiers"":0,""confidence"":""high""}]","[{""source_component_id"":""59753"",""property_type"":""Pangsapuri Servis"",""quota_category"":""Non-Bumiputera"",""units"":528,""listed_value"":""778225000.00"",""minimum_listed_price"":""1128000.00"",""maximum_listed_price"":""1974000.00"",""listed_price_coverage_percentage"":100.0}]",[]
Kuala Lumpur,Binastra Cochrane,,comparator_set,,,,,,,Yes,initial_public_shortlist,2026-09-22,TEDUH,31332-1,Binastra Cochrane,31332,BINASTRA SYNERGY SDN. BHD.,Aktif,1,31332/03-2031/0079(A),2026-03-18,2031-03-17,Wp Kuala Lumpur,Kuala Lumpur,"Kuala Lumpur, WP Kuala Lumpur",,,Wp Kuala Lumpur,Kuala Lumpur,31332-1/07-2029/0489(A)-(S),2026-07-02,2029-07-01,2026-07-28,721800.00,1544800.00,2026-07-28,first_spa_date,2022-01-01,Belum Mula,Berfasa,Jadual H,36 Bulan,2029-07-28,Ya,24 Bulan,60 Bulan,2031-07-28,No,,,830,830,830,418,412,0,0,830,50.361446,44.968085,,,847901000.00,1021567.469879518072289156627,1012800.00,840800.0000,1128800.0000,413348400.00,381284842.00,912164.6937799043062200956938,844760.00,381284842.00,434552600.00,92.24297,7.542236,11,9,2,81.818182,,,100.0,100.0,100.0,0,,2,high,high,high,unavailable,Potential double-counted construction groups,2,high,,https://teduh.kpkt.gov.my/semakan-status-kemajuan,https://teduh.kpkt.gov.my/api/projek-swasta/31332-1,https://teduh.kpkt.gov.my/api/unit-projek-swasta/31332-1,2026-09-21,TEDUH frontend previous-day label; not an API timestamp,2026-09-22T20:15:26+08:00,1.5.2,"[{""jenis"":""Pangsapuri Servis"",""tingkat"":""50"",""bilik"":""2, 3"",""tandas"":""2, 3"",""keluasan"":""0"",""unit"":415,""hargaMin"":""721,800.00"",""hargaMax"":""1,544,800.00"",""peratus"":""0.00"",""komponen"":""-"",""ccc"":""-"",""vp"":""-""},{""jenis"":""Pangsapuri Servis"",""tingkat"":""50"",""bilik"":""2, 3"",""tandas"":""2, 3"",""keluasan"":""0"",""unit"":415,""hargaMin"":""788,800.00"",""hargaMax"":""1,519,800.00"",""peratus"":""0.00"",""komponen"":""-"",""ccc"":""-"",""vp"":""-""}]","[{""component_number"":1,""component_label"":""Component 1"",""source_component_id"":""60128"",""property_type"":""Pangsapuri Servis"",""total_units"":415,""sold_units"":246,""unsold_units"":169,""booked_or_reserved_units"":0,""unknown_sales_status_units"":0,""comparable_total_units"":415,""sales_percentage"":59.277108,""duplicate_unit_identifiers"":0,""confidence"":""high""},{""component_number"":2,""component_label"":""Component 2"",""source_component_id"":""60129"",""property_type"":""Pangsapuri Servis"",""total_units"":415,""sold_units"":172,""unsold_units"":243,""booked_or_reserved_units"":0,""unknown_sales_status_units"":0,""comparable_total_units"":415,""sales_percentage"":41.445783,""duplicate_unit_identifiers"":0,""confidence"":""high""}]","[{""source_component_id"":""60128"",""property_type"":""Pangsapuri Servis"",""quota_category"":""Bumiputera"",""units"":1,""listed_value"":""836800.00"",""minimum_listed_price"":""836800.00"",""maximum_listed_price"":""836800.00"",""listed_price_coverage_percentage"":100.0},{""source_component_id"":""60128"",""property_type"":""Pangsapuri Servis"",""quota_category"":""Non-Bumiputera"",""units"":168,""listed_value"":""173440400.00"",""minimum_listed_price"":""781800.00"",""maximum_listed_price"":""1544800.00"",""listed_price_coverage_percentage"":100.0},{""source_component_id"":""60129"",""property_type"":""Pangsapuri Servis"",""quota_category"":""Bumiputera"",""units"":1,""listed_value"":""915800.00"",""minimum_listed_price"":""915800.00"",""maximum_listed_price"":""915800.00"",""listed_price_coverage_percentage"":100.0},{""source_component_id"":""60129"",""property_type"":""Pangsapuri Servis"",""quota_category"":""Non-Bumiputera"",""units"":242,""listed_value"":""259359600.00"",""minimum_listed_price"":""825800.00"",""maximum_listed_price"":""1519800.00"",""listed_price_coverage_percentage"":100.0}]","[{""no"":""31332-1/07-2029/0489(N)-(S)"",""mula"":""02 Jul 2026"",""tamat"":""01 Jul 2029"",""tempoh"":""36 bulan"",""is_latest"":false,""status"":""Aktif""}]"
Kuala Lumpur,BRANNIGANZ SUITES @ BUKIT BINTANG,Exsim,comparator_set,,,,,,,Yes,initial_public_shortlist,2026-09-22,TEDUH,30784-1,Branniganz Suites @ Bukit Bintang,30784,LEMBARAN BERUNTUNG SDN. BHD.,Aktif,1,30784/05-2029/0126(A),2024-05-31,2029-05-30,Wp Kuala Lumpur,Kuala Lumpur,"Kuala Lumpur, WP Kuala Lumpur",3.144097,101.711779,Wp Kuala Lumpur,Kuala Lumpur,30784-1/08-2027/0728(A)-(S),2024-08-14,2027-08-13,2024-09-16,1283975.00,1722240.00,2024-09-16,first_spa_date,2022-01-01,Lancar,Berfasa,Jadual H,36 Bulan,2027-09-16,Ya,16 Bulan,52 Bulan,2029-01-16,No,,,269,269,269,268,1,0,0,269,99.628253,86.81947,40.518253,59.11,414222640.00,1539861.115241635687732342007,1691880.00,1312495.00,1707520.00,412518800.00,359625900.00,1341887.686567164179104477612,1471200.00,359625900.00,1703840.00,87.178063,13.043478,0,0,0,,345389275.00,463282560.00,100.0,100.0,100.0,0,269,1,high,high,high,high,,1,high,,https://teduh.kpkt.gov.my/semakan-status-kemajuan,https://teduh.kpkt.gov.my/api/projek-swasta/30784-1,https://teduh.kpkt.gov.my/api/unit-projek-swasta/30784-1,2026-09-21,TEDUH frontend previous-day label; not an API timestamp,2026-09-22T20:15:29+08:00,1.5.2,"[{""jenis"":""Pangsapuri Servis"",""tingkat"":""50"",""bilik"":""1, 2"",""tandas"":""1, 2"",""keluasan"":""0"",""unit"":269,""hargaMin"":""1,283,975.00"",""hargaMax"":""1,722,240.00"",""peratus"":""59.11"",""komponen"":""Lancar"",""ccc"":""-"",""vp"":""-""}]","[{""component_number"":1,""component_label"":""Component 1"",""source_component_id"":""56330"",""property_type"":""Pangsapuri Servis"",""total_units"":269,""sold_units"":268,""unsold_units"":1,""booked_or_reserved_units"":0,""unknown_sales_status_units"":0,""comparable_total_units"":269,""sales_percentage"":99.628253,""duplicate_unit_identifiers"":0,""confidence"":""high""}]","[{""source_component_id"":""56330"",""property_type"":""Pangsapuri Servis"",""quota_category"":""Non-Bumiputera"",""units"":1,""listed_value"":""1703840.00"",""minimum_listed_price"":""1703840.00"",""maximum_listed_price"":""1703840.00"",""listed_price_coverage_percentage"":100.0}]","[{""no"":""30784-1/08-2027/0728(N)-(S)"",""mula"":""14 Aug 2024"",""tamat"":""13 Aug 2027"",""tempoh"":""36 bulan"",""is_latest"":false,""status"":""Aktif""}]"
Kuala Lumpur,Centrix The Station,CREST BUILDER INTERNATIONAL SDN BHD,comparator_set,,,,,,,Yes,initial_public_shortlist,2026-09-22,TEDUH,30833-1,Latitud8,30833,INTAN SEKITAR SDN. BHD.,Aktif,1,30833/08-2029/0175(A),2024-08-14,2029-08-13,Wp Kuala Lumpur,Kuala Lumpur,"Kuala Lumpur, WP Kuala Lumpur",3.156215,101.701978,Wp Kuala Lumpur,Kuala Lumpur,30833-1/01-2029/0048(N)-(S),2026-01-17,2029-01-16,2026-02-27,907800.00,2194800.00,2026-02-27,first_spa_date,2022-01-01,Lancar,Berfasa,Jadual H,36 Bulan,2029-02-27,Ya,6 Bulan,42 Bulan,2029-08-27,No,,,857,857,857,65,792,0,0,857,7.584597,7.0852,-12.905403,20.49,1150133600.00,1342046.207701283547257876313,1329800.00,1101800.00,1536800.00,81876000.00,81489270.00,1253681.076923076923076923077,1098800.00,81489270.00,1068257600.00,99.527664,0.0,10,8,2,80.0,777984600.00,1880943600.00,100.0,100.0,100.0,0,857,1,high,high,high,high,,1,high,,https://teduh.kpkt.gov.my/semakan-status-kemajuan,https://teduh.kpkt.gov.my/api/projek-swasta/30833-1,https://teduh.kpkt.gov.my/api/unit-projek-swasta/30833-1,2026-09-21,TEDUH frontend previous-day label; not an API timestamp,2026-09-22T20:15:31+08:00,1.5.2,"[{""jenis"":""Soho"",""tingkat"":""47"",""bilik"":""1, 2, 3"",""tandas"":""1, 2"",""keluasan"":""0"",""unit"":857,""hargaMin"":""907,800.00"",""hargaMax"":""2,194,800.00"",""peratus"":""20.49"",""komponen"":""Lancar"",""ccc"":""-"",""vp"":""-""}]","[{""component_number"":1,""component_label"":""Component 1"",""source_component_id"":""59317"",""property_type"":""Soho"",""total_units"":857,""sold_units"":65,""unsold_units"":792,""booked_or_reserved_units"":0,""unknown_sales_status_units"":0,""comparable_total_units"":857,""sales_percentage"":7.584597,""duplicate_unit_identifiers"":0,""confidence"":""high""}]","[{""source_component_id"":""59317"",""property_type"":""Soho"",""quota_category"":""Bumiputera"",""units"":2,""listed_value"":""3350600.00"",""minimum_listed_price"":""1665800.00"",""maximum_listed_price"":""1684800.00"",""listed_price_coverage_percentage"":100.0},{""source_component_id"":""59317"",""property_type"":""Soho"",""quota_category"":""Non-Bumiputera"",""units"":790,""listed_value"":""1064907000.00"",""minimum_listed_price"":""907800.00"",""maximum_listed_price"":""2194800.00"",""listed_price_coverage_percentage"":100.0}]",[]
Kuala Lumpur,CloutHaus,TA ENTERPRISE BERHAD,comparator_set,,,,,,,Yes,initial_public_shortlist,2026-09-22,TEDUH,9149-2,Menara Ta First,9149,TA FIRST CREDIT SDN. BHD.,Aktif,2,9149/07-2027/0768(A),2022-07-31,2027-07-30,Wp Kuala Lumpur,Kuala Lumpur,"Kuala Lumpur, WP Kuala Lumpur",3.156795,101.710176,Wp Kuala Lumpur,Kuala Lumpur,9149-2/07-2027/0564(R)-(S),2026-07-31,2027-07-30,2025-01-13,1976400.00,8020800.00,2025-01-13,first_spa_date,2022-01-01,Lancar,Berfasa,Jadual H,36 Bulan,2028-01-13,Ya,18 Bulan,54 Bulan,2029-07-13,No,,,857,857,857,168,689,0,0,857,19.603267,14.636932,-0.396733,20.0,2991823200.00,3491042.240373395565927654609,3528000.00,2286000.00,4050000.00,507720600.00,437911115.40,2606613.782142857142857142857,2272800.00,437911115.40,2484102600.00,86.250413,12.682464,0,0,0,,1731236400.00,5766825600.00,100.0,100.0,100.0,0,857,2,high,high,high,high,,2,high,,https://teduh.kpkt.gov.my/semakan-status-kemajuan,https://teduh.kpkt.gov.my/api/projek-swasta/9149-2,https://teduh.kpkt.gov.my/api/unit-projek-swasta/9149-2,2026-09-21,TEDUH frontend previous-day label; not an API timestamp,2026-09-22T20:15:34+08:00,1.5.2,"[{""jenis"":""Pangsapuri Servis"",""tingkat"":""66"",""bilik"":""1, 2, 3"",""tandas"":""1, 2"",""keluasan"":""0"",""unit"":615,""hargaMin"":""1,976,400.00"",""hargaMax"":""6,220,800.00"",""peratus"":""20.00"",""komponen"":""Lancar"",""ccc"":""-"",""vp"":""-""},{""jenis"":""Pangsapuri Servis"",""tingkat"":""58"",""bilik"":0,""tandas"":0,""keluasan"":""0"",""unit"":242,""hargaMin"":""2,131,200.00"",""hargaMax"":""8,020,800.00"",""peratus"":""20.00"",""komponen"":""Lancar"",""ccc"":""-"",""vp"":""-""}]","[{""component_number"":1,""component_label"":""Component 1"",""source_component_id"":""32149"",""property_type"":""Pangsapuri Servis"",""total_units"":615,""sold_units"":168,""unsold_units"":447,""booked_or_reserved_units"":0,""unknown_sales_status_units"":0,""comparable_total_units"":615,""sales_percentage"":27.317073,""duplicate_unit_identifiers"":0,""confidence"":""high""},{""component_number"":2,""component_label"":""Component 2"",""source_component_id"":""32150"",""property_type"":""Pangsapuri Servis"",""total_units"":242,""sold_units"":0,""unsold_units"":242,""booked_or_reserved_units"":0,""unknown_sales_status_units"":0,""comparable_total_units"":242,""sales_percentage"":0.0,""duplicate_unit_identifiers"":0,""confidence"":""high""}]","[{""source_component_id"":""32149"",""property_type"":""Pangsapuri Servis"",""quota_category"":""Non-Bumiputera"",""units"":447,""listed_value"":""1362418200.00"",""minimum_listed_price"":""1976400.00"",""maximum_listed_price"":""6220800.00"",""listed_price_coverage_percentage"":100.0},{""source_component_id"":""32150"",""property_type"":""Pangsapuri Servis"",""quota_category"":""Non-Bumiputera"",""units"":242,""listed_value"":""1121684400.00"",""minimum_listed_price"":""2131200.00"",""maximum_listed_price"":""8020800.00"",""listed_price_coverage_percentage"":100.0}]","[{""no"":""9149-2/07-2026/0622(R)-(S)"",""mula"":""31 Jul 2025"",""tamat"":""30 Jul 2026"",""tempoh"":""12 bulan"",""is_latest"":false,""status"":""Tamat""},{""no"":""9149-2/07-2025/0576(A)-(S)"",""mula"":""31 Jul 2024"",""tamat"":""30 Jul 2025"",""tempoh"":""12 bulan"",""is_latest"":false,""status"":""Tamat""},{""no"":""9149-2/07-2025/0576(R)-(S)"",""mula"":""31 Jul 2024"",""tamat"":""30 Jul 2025"",""tempoh"":""12 bulan"",""is_latest"":false,""status"":""Tamat""},{""no"":""9149-2/07-2024/1234(R)-(S)"",""mula"":""31 Jul 2022"",""tamat"":""30 Jul 2024"",""tempoh"":""24 bulan"",""is_latest"":false,""status"":""Tamat""},{""no"":""9149-2/07-2022/02384(P)"",""mula"":""31 Jul 2021"",""tamat"":""30 Jul 2022"",""tempoh"":""12 bulan"",""is_latest"":false,""status"":""Tamat""},{""no"":""9149-2/07-2021/02598(P)"",""mula"":""31 Jul 2020"",""tamat"":""30 Jul 2021"",""tempoh"":""12 bulan"",""is_latest"":false,""status"":""Tamat""},{""no"":""9149-2/07-2020/02508(P)"",""mula"":""31 Jul 2019"",""tamat"":""30 Jul 2020"",""tempoh"":""12 bulan"",""is_latest"":false,""status"":""Tamat""},{""no"":""9149-2/07-2019/02145(P)"",""mula"":""10 Jul 2018"",""tamat"":""09 Jul 2019"",""tempoh"":""12 bulan"",""is_latest"":false,""status"":""Tamat""},{""no"":""9149-2/07-2018/01792(P)"",""mula"":""10 Jul 2017"",""tamat"":""09 Jul 2018"",""tempoh"":""12 bulan"",""is_latest"":false,""status"":""Tamat""},{""no"":""9149-2/04-2016/0288(P)"",""mula"":""04 Apr 2014"",""tamat"":""03 Apr 2016"",""tempoh"":""24 bulan"",""is_latest"":false,""status"":""Tamat""}]"
Kuala Lumpur,Dawn KLCC,Chin Hin,comparator_set,,,,,,,Yes,initial_public_shortlist,2026-09-22,TEDUH,30629-2,Menara Senja,30629,DAWN LAND SDN. BHD.,Aktif,2,30629/11-2028/0304(A),2023-11-24,2028-11-23,Wp Kuala Lumpur,,WP Kuala Lumpur,3.160785,101.709599,Wp Kuala Lumpur,,30629-2/07-2027/0687(A)-(S),2024-08-01,2027-07-31,2024-08-08,1270000.00,2239000.00,2024-08-08,first_spa_date,2022-01-01,Lancar,Berfasa,Jadual H,36 Bulan,2027-08-08,Ya,22 Bulan,58 Bulan,2029-06-08,No,,,492,492,492,479,13,0,0,492,97.357724,82.995359,59.857724,37.5,800505000.00,1627042.682926829268292682927,1757000.00,1327000.0000,1860000.0000,777163000.00,664382000.00,1387018.789144050104384133612,1458000.00,664382000.00,23342000.00,85.488115,17.015707,0,0,0,,624840000.00,1101588000.00,100.0,100.0,100.0,0,492,1,high,high,high,high,,1,high,,https://teduh.kpkt.gov.my/semakan-status-kemajuan,https://teduh.kpkt.gov.my/api/projek-swasta/30629-2,https://teduh.kpkt.gov.my/api/unit-projek-swasta/30629-2,2026-09-21,TEDUH frontend previous-day label; not an API timestamp,2026-09-22T20:15:37+08:00,1.5.2,"[{""jenis"":""Pangsapuri Servis"",""tingkat"":""42"",""bilik"":""1, 2"",""tandas"":""1, 2"",""keluasan"":""0"",""unit"":492,""hargaMin"":""1,270,000.00"",""hargaMax"":""2,239,000.00"",""peratus"":""37.50"",""komponen"":""Lancar"",""ccc"":""-"",""vp"":""-""}]","[{""component_number"":1,""component_label"":""Component 1"",""source_component_id"":""56242"",""property_type"":""Pangsapuri Servis"",""total_units"":492,""sold_units"":479,""unsold_units"":13,""booked_or_reserved_units"":0,""unknown_sales_status_units"":0,""comparable_total_units"":492,""sales_percentage"":97.357724,""duplicate_unit_identifiers"":0,""confidence"":""high""}]","[{""source_component_id"":""56242"",""property_type"":""Pangsapuri Servis"",""quota_category"":""Non-Bumiputera"",""units"":13,""listed_value"":""23342000.00"",""minimum_listed_price"":""1327000.00"",""maximum_listed_price"":""2239000.00"",""listed_price_coverage_percentage"":100.0}]","[{""no"":""30629-2/07-2027/0687(A)-(S)"",""mula"":""01 Aug 2024"",""tamat"":""31 Jul 2027"",""tempoh"":""36 bulan"",""is_latest"":false,""status"":""Aktif""},{""no"":""30629-2/07-2027/0687(N)-(S)"",""mula"":""01 Aug 2024"",""tamat"":""31 Jul 2027"",""tempoh"":""36 bulan"",""is_latest"":false,""status"":""Tidak Aktif""}]"
Kuala Lumpur,Divine KLCC,Chin Hin,comparator_set,,,,,,,Yes,initial_public_shortlist,2026-09-22,TEDUH,31096-1,Divine Klcc,31096,SINARAN URUSJUTA SDN. BHD.,Aktif,1,31096/07-2030/0152(A),2025-07-08,2030-07-07,Wp Kuala Lumpur,,WP Kuala Lumpur,3.161217,101.710311,Wp Kuala Lumpur,,31096-1/06-2029/0456(A)-(S),2026-06-21,2029-06-20,2026-07-06,968000.00,17813000.00,2026-07-06,first_spa_date,2022-01-01,Lancar,Berfasa,Jadual H,36 Bulan,2029-07-06,Ya,39 Bulan,75 Bulan,2032-10-06,No,,,1033,1033,1033,300,733,0,0,1033,29.041626,23.030102,29.041626,0.0,1958515000.00,1895948.693126815101645692159,1788000.00,1411000.00,2009000.00,530256000.00,451048000.00,1503493.333333333333333333333,1237000.00,451048000.00,1428259000.00,85.06231,15.019194,26,25,1,96.153846,1459964000.00,10818149000.00,100.0,100.0,100.0,0,1033,2,high,high,high,high,,2,high,,https://teduh.kpkt.gov.my/semakan-status-kemajuan,https://teduh.kpkt.gov.my/api/projek-swasta/31096-1,https://teduh.kpkt.gov.my/api/unit-projek-swasta/31096-1,2026-09-21,TEDUH frontend previous-day label; not an API timestamp,2026-09-22T20:15:40+08:00,1.5.2,"[{""jenis"":""Pangsapuri Servis"",""tingkat"":""83"",""bilik"":""1, 2, 3"",""tandas"":""1, 2, 3"",""keluasan"":""0"",""unit"":561,""hargaMin"":""1,788,000.00"",""hargaMax"":""17,813,000.00"",""peratus"":""0.00"",""komponen"":""Lancar"",""ccc"":""-"",""vp"":""-""},{""jenis"":""Pangsapuri Servis"",""tingkat"":""44"",""bilik"":""1"",""tandas"":""1, 2"",""keluasan"":""0"",""unit"":472,""hargaMin"":""968,000.00"",""hargaMax"":""1,748,000.00"",""peratus"":""0.00"",""komponen"":""Lancar"",""ccc"":""-"",""vp"":""-""}]","[{""component_number"":1,""component_label"":""Component 1"",""source_component_id"":""60061"",""property_type"":""Pangsapuri Servis"",""total_units"":561,""sold_units"":145,""unsold_units"":416,""booked_or_reserved_units"":0,""unknown_sales_status_units"":0,""comparable_total_units"":561,""sales_percentage"":25.846702,""duplicate_unit_identifiers"":0,""confidence"":""high""},{""component_number"":2,""component_label"":""Component 2"",""source_component_id"":""60062"",""property_type"":""Pangsapuri Servis"",""total_units"":472,""sold_units"":155,""unsold_units"":317,""booked_or_reserved_units"":0,""unknown_sales_status_units"":0,""comparable_total_units"":472,""sales_percentage"":32.838983,""duplicate_unit_identifiers"":0,""confidence"":""high""}]","[{""source_component_id"":""60061"",""property_type"":""Pangsapuri Servis"",""quota_category"":""Bumiputera"",""units"":1,""listed_value"":""1979000.00"",""minimum_listed_price"":""1979000.00"",""maximum_listed_price"":""1979000.00"",""listed_price_coverage_percentage"":100.0},{""source_component_id"":""60061"",""property_type"":""Pangsapuri Servis"",""quota_category"":""Non-Bumiputera"",""units"":415,""listed_value"":""965290000.00"",""minimum_listed_price"":""1788000.00"",""maximum_listed_price"":""17813000.00"",""listed_price_coverage_percentage"":100.0},{""source_component_id"":""60062"",""property_type"":""Pangsapuri Servis"",""quota_category"":""Non-Bumiputera"",""units"":317,""listed_value"":""460990000.00"",""minimum_listed_price"":""968000.00"",""maximum_listed_price"":""1748000.00"",""listed_price_coverage_percentage"":100.0}]","[{""no"":""31096-1/06-2029/0456(N)-(S)"",""mula"":""21 Jun 2026"",""tamat"":""20 Jun 2029"",""tempoh"":""36 bulan"",""is_latest"":false,""status"":""Aktif""}]"
Kuala Lumpur,Golden Crown Residence,Nation Venue Sdn Bhd,comparator_set,,,,,,,Yes,initial_public_shortlist,2026-09-22,TEDUH,30755-1,Menara Golden Eagle,30755,MULTIBAY DEVELOPMENT SDN. BHD.,Aktif,1,30755/05-2029/0097(A),2024-05-02,2029-05-01,Wp Kuala Lumpur,Kuala Lumpur,"Kuala Lumpur, WP Kuala Lumpur",3.142648,101.720266,Wp Kuala Lumpur,Kuala Lumpur,30755-1/10-2028/0858(A)-(S),2025-10-16,2028-10-15,2026-02-05,1352000.00,3174000.00,2026-02-05,first_spa_date,2022-01-01,Lancar,Berfasa,Jadual H,36 Bulan,2029-02-05,Tidak,,,,No,,,490,490,490,55,435,0,0,490,11.22449,10.580159,-83.31551,94.54,1000070000.00,2040959.183673469387755102041,2166000.00,1716000.0000,2314000.0000,110949000.00,105809000.00,1923800.00,2071000.00,105809000.00,889121000.00,95.367241,4.597701,0,0,0,,662480000.00,1555260000.00,100.0,100.0,100.0,0,490,1,high,high,high,high,,1,high,,https://teduh.kpkt.gov.my/semakan-status-kemajuan,https://teduh.kpkt.gov.my/api/projek-swasta/30755-1,https://teduh.kpkt.gov.my/api/unit-projek-swasta/30755-1,2026-09-21,TEDUH frontend previous-day label; not an API timestamp,2026-09-22T20:15:42+08:00,1.5.2,"[{""jenis"":""Rumah Pangsa/Kondo"",""tingkat"":""60"",""bilik"":""1, 2, 3"",""tandas"":""1, 2"",""keluasan"":""0"",""unit"":490,""hargaMin"":""1,352,000.00"",""hargaMax"":""3,174,000.00"",""peratus"":""94.54"",""komponen"":""Lancar"",""ccc"":""-"",""vp"":""-""}]","[{""component_number"":1,""component_label"":""Component 1"",""source_component_id"":""58822"",""property_type"":""Rumah Pangsa/Kondo"",""total_units"":490,""sold_units"":55,""unsold_units"":435,""booked_or_reserved_units"":0,""unknown_sales_status_units"":0,""comparable_total_units"":490,""sales_percentage"":11.22449,""duplicate_unit_identifiers"":0,""confidence"":""high""}]","[{""source_component_id"":""58822"",""property_type"":""Rumah Pangsa/Kondo"",""quota_category"":""Non-Bumiputera"",""units"":435,""listed_value"":""889121000.00"",""minimum_listed_price"":""1352000.00"",""maximum_listed_price"":""3174000.00"",""listed_price_coverage_percentage"":100.0}]","[{""no"":""30755-1/10-2028/0858(N)-(S)"",""mula"":""16 Oct 2025"",""tamat"":""15 Oct 2028"",""tempoh"":""36 bulan"",""is_latest"":false,""status"":""Aktif""}]"
Kuala Lumpur,Hanaz Suites @ KL City Centre,Exsim,comparator_set,,,,,,,Yes,initial_public_shortlist,2026-09-22,TEDUH,13666-2,Menara Sutera Indah (hanaz Suites @ Kl City Centre),13666,SUNRISE CHARM SDN. BHD.,Aktif,2,13666/09-2029/0328(A),2024-09-11,2029-09-10,Wp Kuala Lumpur,Kuala Lumpur,"Kuala Lumpur, WP Kuala Lumpur",3.160467,101.713919,Wp Kuala Lumpur,Kuala Lumpur,13666-2/01-2028/0007(A)-(S),2025-01-02,2028-01-01,2025-02-03,1316175.00,1687970.00,2025-02-03,first_spa_date,2022-01-01,Lancar,Berfasa,Jadual H,36 Bulan,2028-02-03,Ya,12 Bulan,48 Bulan,2029-02-03,No,,,98,98,98,98,0,0,0,98,100.0,86.956522,72.37,27.63,148223730.00,1512487.040816326530612244898,1656920.00,1323075.0000,1668132.5000,148223730.00,128890200.00,1315206.122448979591836734694,1440800.00,128890200.00,0,86.956522,13.043478,0,0,0,,128985150.00,165421060.00,100.0,100.0,100.0,0,98,1,high,high,high,high,,1,high,,https://teduh.kpkt.gov.my/semakan-status-kemajuan,https://teduh.kpkt.gov.my/api/projek-swasta/13666-2,https://teduh.kpkt.gov.my/api/unit-projek-swasta/13666-2,2026-09-21,TEDUH frontend previous-day label; not an API timestamp,2026-09-22T20:15:45+08:00,1.5.2,"[{""jenis"":""Pangsapuri Servis"",""tingkat"":""45"",""bilik"":""1, 2"",""tandas"":""1, 2"",""keluasan"":""0"",""unit"":98,""hargaMin"":""1,316,175.00"",""hargaMax"":""1,687,970.00"",""peratus"":""27.63"",""komponen"":""Lancar"",""ccc"":""-"",""vp"":""-""}]","[{""component_number"":1,""component_label"":""Component 1"",""source_component_id"":""57235"",""property_type"":""Pangsapuri Servis"",""total_units"":98,""sold_units"":98,""unsold_units"":0,""booked_or_reserved_units"":0,""unknown_sales_status_units"":0,""comparable_total_units"":98,""sales_percentage"":100.0,""duplicate_unit_identifiers"":0,""confidence"":""high""}]",[],"[{""no"":""13666-2/01-2028/0007(A)-(S)"",""mula"":""02 Jan 2025"",""tamat"":""01 Jan 2028"",""tempoh"":""36 bulan"",""is_latest"":false,""status"":""Aktif""},{""no"":""13666-2/01-2028/0007(N)-(S)"",""mula"":""02 Jan 2025"",""tamat"":""01 Jan 2028"",""tempoh"":""36 bulan"",""is_latest"":false,""status"":""Tidak Aktif""}]"
Kuala Lumpur,Hugoz Suites @ KL City Centre,Exsim,comparator_set,,,,,,,Yes,initial_public_shortlist,2026-09-22,TEDUH,30370-1,Menara Sutera Ria (hugoz Suites @ Kl City Centre),30370,ARMADA ISTIMEWA SDN. BHD.,Aktif,1,30370/02-2028/0047(A),2023-02-14,2028-02-13,Wp Kuala Lumpur,Kuala Lumpur,"Kuala Lumpur, WP Kuala Lumpur",3.164117,101.715319,Wp Kuala Lumpur,Kuala Lumpur,30370-1/09-2027/0668(R)-(S),2026-09-15,2027-09-14,2023-11-15,915515.00,1345960.00,2023-11-15,first_spa_date,2022-01-01,Lancar,Berfasa,Jadual H,36 Bulan,2026-11-15,Ya,16 Bulan,52 Bulan,2028-03-15,No,,,320,320,320,319,1,0,0,320,99.6875,87.021984,29.5675,70.12,362194800.00,1131858.75,1134187.50,937365.0000,1325547.5000,361255135.00,315189100.00,988053.6050156739811912225705,1137400.00,315189100.00,939665.00,87.248338,13.043478,0,0,0,,292964800.00,430707200.00,100.0,100.0,100.0,0,320,1,high,high,high,high,,1,high,,https://teduh.kpkt.gov.my/semakan-status-kemajuan,https://teduh.kpkt.gov.my/api/projek-swasta/30370-1,https://teduh.kpkt.gov.my/api/unit-projek-swasta/30370-1,2026-09-21,TEDUH frontend previous-day label; not an API timestamp,2026-09-22T20:15:48+08:00,1.5.2,"[{""jenis"":""Pangsapuri Servis"",""tingkat"":""36"",""bilik"":""1"",""tandas"":""1, 2"",""keluasan"":""0"",""unit"":320,""hargaMin"":""915,515.00"",""hargaMax"":""1,345,960.00"",""peratus"":""70.12"",""komponen"":""Lancar"",""ccc"":""-"",""vp"":""-""}]","[{""component_number"":1,""component_label"":""Component 1"",""source_component_id"":""54140"",""property_type"":""Pangsapuri Servis"",""total_units"":320,""sold_units"":319,""unsold_units"":1,""booked_or_reserved_units"":0,""unknown_sales_status_units"":0,""comparable_total_units"":320,""sales_percentage"":99.6875,""duplicate_unit_identifiers"":0,""confidence"":""high""}]","[{""source_component_id"":""54140"",""property_type"":""Pangsapuri Servis"",""quota_category"":""Non-Bumiputera"",""units"":1,""listed_value"":""939665.00"",""minimum_listed_price"":""939665.00"",""maximum_listed_price"":""939665.00"",""listed_price_coverage_percentage"":100.0}]","[{""no"":""30370-1/09-2026/1040(A)-(S)"",""mula"":""15 Sep 2023"",""tamat"":""14 Sep 2026"",""tempoh"":""36 bulan"",""is_latest"":false,""status"":""Tamat""},{""no"":""30370-1/09-2026/1040(N)-(S)"",""mula"":""15 Sep 2023"",""tamat"":""14 Sep 2026"",""tempoh"":""36 bulan"",""is_latest"":false,""status"":""Tamat""}]"
Kuala Lumpur,Kiaramas Dedaun,ASIA QUEST LAND SDN BHD,comparator_set,,,,,,,Yes,initial_public_shortlist,2026-09-22,TEDUH,8164-6,Kiaramas Dedaun,8164,KIARAMAS DEVELOPMENT SDN. BHD.,Aktif,6,8164/06-2033/0276(A),2026-06-17,2033-06-16,Wp Kuala Lumpur,Kuala Lumpur,"Kuala Lumpur, WP Kuala Lumpur",3.16629,101.64369,Wp Kuala Lumpur,Kuala Lumpur,8164-6/03-2028/0207(A)-(S),2025-03-17,2028-03-16,2025-05-05,1112800.00,4310200.00,2025-05-05,first_spa_date,2022-01-01,Lancar,Berfasa,Jadual H,36 Bulan,2028-05-05,Ya,12 Bulan,48 Bulan,2029-05-05,No,,,225,225,225,177,48,0,0,225,78.666667,80.562652,27.753911,50.912756,364523130.00,1620102.80,1296400.00,1210800.00,2039600.00,304750470.00,293669500.00,1659149.717514124293785310734,1547500.00,293669500.00,59772660.00,96.36392,3.00162,41,8,33,19.512195,252226400.00,965354600.00,100.0,100.0,100.0,0,225,2,high,high,high,high,,2,high,,https://teduh.kpkt.gov.my/semakan-status-kemajuan,https://teduh.kpkt.gov.my/api/projek-swasta/8164-6,https://teduh.kpkt.gov.my/api/unit-projek-swasta/8164-6,2026-09-21,TEDUH frontend previous-day label; not an API timestamp,2026-09-22T20:15:50+08:00,1.5.2,"[{""jenis"":""Rumah Pangsa/Kondo"",""tingkat"":""40"",""bilik"":""2, 3, 4, 5, 7"",""tandas"":""2, 3, 4, 5, 7"",""keluasan"":""0"",""unit"":223,""hargaMin"":""1,112,800.00"",""hargaMax"":""4,310,200.00"",""peratus"":""51.19"",""komponen"":""Lancar"",""ccc"":""-"",""vp"":""-""},{""jenis"":""Rumah Pangsa/Kondo"",""tingkat"":""1"",""bilik"":""3"",""tandas"":""4"",""keluasan"":""0"",""unit"":2,""hargaMin"":""2,036,000.00"",""hargaMax"":""2,090,000.00"",""peratus"":""20.00"",""komponen"":""Lancar"",""ccc"":""-"",""vp"":""-""}]","[{""component_number"":1,""component_label"":""Component 1"",""source_component_id"":""57613"",""property_type"":""Rumah Pangsa/Kondo"",""total_units"":223,""sold_units"":175,""unsold_units"":48,""booked_or_reserved_units"":0,""unknown_sales_status_units"":0,""comparable_total_units"":223,""sales_percentage"":78.475336,""duplicate_unit_identifiers"":0,""confidence"":""high""},{""component_number"":2,""component_label"":""Component 2"",""source_component_id"":""57614"",""property_type"":""Rumah Pangsa/Kondo"",""total_units"":2,""sold_units"":2,""unsold_units"":0,""booked_or_reserved_units"":0,""unknown_sales_status_units"":0,""comparable_total_units"":2,""sales_percentage"":100.0,""duplicate_unit_identifiers"":0,""confidence"":""high""}]","[{""source_component_id"":""57613"",""property_type"":""Rumah Pangsa/Kondo"",""quota_category"":""Bumiputera"",""units"":33,""listed_value"":""40198160.00"",""minimum_listed_price"":""1123100.00"",""maximum_listed_price"":""1343300.00"",""listed_price_coverage_percentage"":100.0},{""source_component_id"":""57613"",""property_type"":""Rumah Pangsa/Kondo"",""quota_category"":""Non-Bumiputera"",""units"":15,""listed_value"":""19574500.00"",""minimum_listed_price"":""1178800.00"",""maximum_listed_price"":""1690700.00"",""listed_price_coverage_percentage"":100.0}]","[{""no"":""8164-6/03-2028/0207(A)-(S)"",""mula"":""17 Mar 2025"",""tamat"":""16 Mar 2028"",""tempoh"":""36 bulan"",""is_latest"":false,""status"":""Aktif""},{""no"":""8164-6/03-2028/0207(N)-(S)"",""mula"":""17 Mar 2025"",""tamat"":""16 Mar 2028"",""tempoh"":""36 bulan"",""is_latest"":false,""status"":""Tidak Aktif""}]"
Kuala Lumpur,KL 360,GD MASS DEVELOPMENT SDN BHD,comparator_set,,,,,,,Yes,initial_public_shortlist,2026-09-22,TEDUH,31219-1,Menara Gd,31219,GD SMART TOWNSHIP SDN. BHD.,Aktif,1,31219/11-2030/0275(A),2025-11-13,2030-11-12,Wp Kuala Lumpur,Kuala Lumpur,"Kuala Lumpur, WP Kuala Lumpur",3.188508,101.7115,Wp Kuala Lumpur,Kuala Lumpur,31219-1/04-2029/0261(A)-(S),2026-04-03,2029-04-02,2026-06-26,853584.48,15080760.00,2026-06-26,first_spa_date,2022-01-01,Lancar,Berfasa,Jadual H,36 Bulan,2029-06-26,Ya,18 Bulan,54 Bulan,2030-12-26,No,,,785,785,785,48,737,0,0,785,6.11465,4.084787,6.11465,0.0,1119349438.67,1425922.851808917197452229299,1269830.00,1000812.00,1561439.00,53996121.55,45723038.25,952563.296875,829148.00,45723038.25,1065353317.12,84.678375,16.428948,246,23,223,9.349593,670063816.80,11838396600.00,100.0,100.0,100.0,0,785,1,high,high,high,high,,1,high,,https://teduh.kpkt.gov.my/semakan-status-kemajuan,https://teduh.kpkt.gov.my/api/projek-swasta/31219-1,https://teduh.kpkt.gov.my/api/unit-projek-swasta/31219-1,2026-09-21,TEDUH frontend previous-day label; not an API timestamp,2026-09-22T20:15:53+08:00,1.5.2,"[{""jenis"":""Pangsapuri Servis"",""tingkat"":""61"",""bilik"":""1, 2, 3, 5"",""tandas"":""1, 2, 3, 5"",""keluasan"":""0"",""unit"":785,""hargaMin"":""853,584.48"",""hargaMax"":""15,080,760.00"",""peratus"":""0.00"",""komponen"":""Lancar"",""ccc"":""-"",""vp"":""-""}]","[{""component_number"":1,""component_label"":""Component 1"",""source_component_id"":""59715"",""property_type"":""Pangsapuri Servis"",""total_units"":785,""sold_units"":48,""unsold_units"":737,""booked_or_reserved_units"":0,""unknown_sales_status_units"":0,""comparable_total_units"":785,""sales_percentage"":6.11465,""duplicate_unit_identifiers"":0,""confidence"":""high""}]","[{""source_component_id"":""59715"",""property_type"":""Pangsapuri Servis"",""quota_category"":""Bumiputera"",""units"":223,""listed_value"":""287648249.00"",""minimum_listed_price"":""1000013.00"",""maximum_listed_price"":""2103497.00"",""listed_price_coverage_percentage"":100.0},{""source_component_id"":""59715"",""property_type"":""Pangsapuri Servis"",""quota_category"":""Non-Bumiputera"",""units"":514,""listed_value"":""777705068.12"",""minimum_listed_price"":""1000013.00"",""maximum_listed_price"":""15080760.00"",""listed_price_coverage_percentage"":100.0}]","[{""no"":""31219-1/04-2029/0261(A)-(S)"",""mula"":""03 Apr 2026"",""tamat"":""02 Apr 2029"",""tempoh"":""36 bulan"",""is_latest"":false,""status"":""Aktif""},{""no"":""31219-1/04-2029/0261(N)-(S)"",""mula"":""03 Apr 2026"",""tamat"":""02 Apr 2029"",""tempoh"":""36 bulan"",""is_latest"":false,""status"":""Tidak Aktif""}]"
Kuala Lumpur,KL 48,EcoFirst CONSOLIDATED BHD,comparator_set,,,,,,,Yes,initial_public_shortlist,2026-09-22,TEDUH,30031-1,Kl 48,30031,BCM HOLDINGS SDN. BHD.,Aktif,1,30031/03-2027/0030(A),2022-03-31,2027-03-30,Wp Kuala Lumpur,Kuala Lumpur,"Kuala Lumpur, WP Kuala Lumpur",3.12583,101.71188,Wp Kuala Lumpur,Kuala Lumpur,30031-1/02-2027/0137(R)-(S),2026-02-28,2027-02-27,2023-04-10,503800.00,794800.00,2023-04-10,first_spa_date,2022-01-01,Lancar,Berfasa,Jadual H,36 Bulan,2026-04-10,Ya,12 Bulan,48 Bulan,2027-04-10,No,,,1700,1700,1700,1692,8,0,0,1700,99.529412,85.648335,12.029412,87.5,1193377200.00,701986.5882352941176470588235,739600.00,633400.0000,774400.0000,1187111200.00,1022107700.00,604082.5650118203309692671395,618300.00,1022107700.00,6266000.00,86.100418,16.670925,156,156,0,100.0,858160000.00,1350140000.00,100.0,100.0,100.0,0,1700,2,high,high,high,high,,2,high,,https://teduh.kpkt.gov.my/semakan-status-kemajuan,https://teduh.kpkt.gov.my/api/projek-swasta/30031-1,https://teduh.kpkt.gov.my/api/unit-projek-swasta/30031-1,2026-09-21,TEDUH frontend previous-day label; not an API timestamp,2026-09-22T20:15:56+08:00,1.5.2,"[{""jenis"":""Pangsapuri Servis"",""tingkat"":""39"",""bilik"":""2, 3"",""tandas"":""2, 3"",""keluasan"":""0"",""unit"":850,""hargaMin"":""505,800.00"",""hargaMax"":""793,600.00"",""peratus"":""87.50"",""komponen"":""Lancar"",""ccc"":""-"",""vp"":""-""},{""jenis"":""Pangsapuri Servis"",""tingkat"":""39"",""bilik"":""2, 3"",""tandas"":""2"",""keluasan"":""0"",""unit"":850,""hargaMin"":""503,800.00"",""hargaMax"":""794,800.00"",""peratus"":""87.50"",""komponen"":""Lancar"",""ccc"":""-"",""vp"":""-""}]","[{""component_number"":1,""component_label"":""Component 1"",""source_component_id"":""52339"",""property_type"":""Pangsapuri Servis"",""total_units"":850,""sold_units"":848,""unsold_units"":2,""booked_or_reserved_units"":0,""unknown_sales_status_units"":0,""comparable_total_units"":850,""sales_percentage"":99.764706,""duplicate_unit_identifiers"":0,""confidence"":""high""},{""component_number"":2,""component_label"":""Component 2"",""source_component_id"":""52340"",""property_type"":""Pangsapuri Servis"",""total_units"":850,""sold_units"":844,""unsold_units"":6,""booked_or_reserved_units"":0,""unknown_sales_status_units"":0,""comparable_total_units"":850,""sales_percentage"":99.294118,""duplicate_unit_identifiers"":0,""confidence"":""high""}]","[{""source_component_id"":""52339"",""property_type"":""Pangsapuri Servis"",""quota_category"":""Non-Bumiputera"",""units"":2,""listed_value"":""1568000.00"",""minimum_listed_price"":""782800.00"",""maximum_listed_price"":""785200.00"",""listed_price_coverage_percentage"":100.0},{""source_component_id"":""52340"",""property_type"":""Pangsapuri Servis"",""quota_category"":""Non-Bumiputera"",""units"":6,""listed_value"":""4698000.00"",""minimum_listed_price"":""780400.00"",""maximum_listed_price"":""785200.00"",""listed_price_coverage_percentage"":100.0}]","[{""no"":""30031-1/02-2026/0208(A)-(S)"",""mula"":""28 Feb 2023"",""tamat"":""27 Feb 2026"",""tempoh"":""36 bulan"",""is_latest"":false,""status"":""Tamat""},{""no"":""30031-1/02-2026/0208(N)-(S)"",""mula"":""28 Feb 2023"",""tamat"":""27 Feb 2026"",""tempoh"":""36 bulan"",""is_latest"":false,""status"":""Tamat""}]"
Kuala Lumpur,Kyliez Suites @ Kl City Centre,Exsim,comparator_set,,,,,,,Yes,initial_public_shortlist,2026-09-22,TEDUH,30789-1,Kyliez Suites @ Kl City Centre,30789,EXSIM AVENUE SDN. BHD.,Aktif,1,30789/06-2029/0131(A),2024-06-06,2029-06-05,Wp Kuala Lumpur,Kuala Lumpur,"Kuala Lumpur, WP Kuala Lumpur",3.159834,101.714484,Wp Kuala Lumpur,Kuala Lumpur,30789-1/08-2027/0704(A)-(S),2024-08-07,2027-08-06,2024-09-03,1272705.00,1676470.00,2024-09-03,first_spa_date,2022-01-01,Lancar,Berfasa,Jadual H,36 Bulan,2027-09-03,Ya,12 Bulan,48 Bulan,2028-09-03,No,,,126,126,126,126,0,0,0,126,100.0,86.956522,74.05,25.95,183391420.00,1455487.460317460317460317460,1295130.00,1285355.0000,1666120.0000,183391420.00,159470800.00,1265641.269841269841269841270,1126200.00,159470800.00,0,86.956522,13.043478,0,0,0,,160360830.00,211235220.00,100.0,100.0,100.0,0,126,1,high,high,high,high,,1,high,,https://teduh.kpkt.gov.my/semakan-status-kemajuan,https://teduh.kpkt.gov.my/api/projek-swasta/30789-1,https://teduh.kpkt.gov.my/api/unit-projek-swasta/30789-1,2026-09-21,TEDUH frontend previous-day label; not an API timestamp,2026-09-22T20:15:58+08:00,1.5.2,"[{""jenis"":""Pangsapuri Servis"",""tingkat"":""37"",""bilik"":""1, 2"",""tandas"":""1, 2"",""keluasan"":""0"",""unit"":126,""hargaMin"":""1,272,705.00"",""hargaMax"":""1,676,470.00"",""peratus"":""25.95"",""komponen"":""Lancar"",""ccc"":""-"",""vp"":""-""}]","[{""component_number"":1,""component_label"":""Component 1"",""source_component_id"":""56268"",""property_type"":""Pangsapuri Servis"",""total_units"":126,""sold_units"":126,""unsold_units"":0,""booked_or_reserved_units"":0,""unknown_sales_status_units"":0,""comparable_total_units"":126,""sales_percentage"":100.0,""duplicate_unit_identifiers"":0,""confidence"":""high""}]",[],"[{""no"":""30789-1/08-2027/0704(A)-(S)"",""mula"":""07 Aug 2024"",""tamat"":""06 Aug 2027"",""tempoh"":""36 bulan"",""is_latest"":false,""status"":""Aktif""},{""no"":""30789-1/08-2027/0704(N)-(S)"",""mula"":""07 Aug 2024"",""tamat"":""06 Aug 2027"",""tempoh"":""36 bulan"",""is_latest"":false,""status"":""Tidak Aktif""}]"
Kuala Lumpur,M Aria,Mah Sing,comparator_set,,,,,,,Yes,initial_public_shortlist,2026-09-22,TEDUH,31251-1,Residensi M Aria,31251,M ARIA SDN. BHD.,Aktif,1,31251/12-2030/0307(A),2025-12-29,2030-12-28,Wp Kuala Lumpur,,WP Kuala Lumpur,3.205115,101.691051,Wp Kuala Lumpur,,31251-1/01-2029/0037(A)-(S),2026-01-14,2029-01-13,2026-07-10,635000.00,750000.00,2026-07-10,first_spa_date,2022-01-01,Lancar,Berfasa,Jadual H,36 Bulan,2029-07-10,Ya,12 Bulan,48 Bulan,2030-07-10,No,,,606,606,606,60,546,0,0,606,9.90099,9.609266,9.90099,0.0,409089000.00,675064.3564356435643564356436,646000.00,635000.0000,723000.0000,40911000.00,39310450.00,655174.1666666666666666666667,660575.00,39310450.00,368178000.00,96.087727,5.0,40,40,0,100.0,384810000.00,454500000.00,100.0,100.0,100.0,0,606,1,high,high,high,high,,1,high,,https://teduh.kpkt.gov.my/semakan-status-kemajuan,https://teduh.kpkt.gov.my/api/projek-swasta/31251-1,https://teduh.kpkt.gov.my/api/unit-projek-swasta/31251-1,2026-09-21,TEDUH frontend previous-day label; not an API timestamp,2026-09-22T20:16:01+08:00,1.5.2,"[{""jenis"":""Rumah Pangsa/Kondo"",""tingkat"":""38"",""bilik"":""3, 4"",""tandas"":""2"",""keluasan"":""0"",""unit"":606,""hargaMin"":""635,000.00"",""hargaMax"":""750,000.00"",""peratus"":""0.00"",""komponen"":""Lancar"",""ccc"":""-"",""vp"":""-""}]","[{""component_number"":1,""component_label"":""Component 1"",""source_component_id"":""59298"",""property_type"":""Rumah Pangsa/Kondo"",""total_units"":606,""sold_units"":60,""unsold_units"":546,""booked_or_reserved_units"":0,""unknown_sales_status_units"":0,""comparable_total_units"":606,""sales_percentage"":9.90099,""duplicate_unit_identifiers"":0,""confidence"":""high""}]","[{""source_component_id"":""59298"",""property_type"":""Rumah Pangsa/Kondo"",""quota_category"":""Non-Bumiputera"",""units"":546,""listed_value"":""368178000.00"",""minimum_listed_price"":""635000.00"",""maximum_listed_price"":""750000.00"",""listed_price_coverage_percentage"":100.0}]","[{""no"":""31251-1/01-2029/0037(A)-(S)"",""mula"":""14 Jan 2026"",""tamat"":""13 Jan 2029"",""tempoh"":""36 bulan"",""is_latest"":false,""status"":""Aktif""},{""no"":""31251-1/01-2029/0037(N)-(S)"",""mula"":""14 Jan 2026"",""tamat"":""13 Jan 2029"",""tempoh"":""36 bulan"",""is_latest"":false,""status"":""Tidak Aktif""}]"
Kuala Lumpur,M Azura,Mah Sing,comparator_set,,,,,,,Yes,initial_public_shortlist,2026-09-22,TEDUH,30834-1,Residensi M Azura,30834,M AZURA SDN. BHD.,Aktif,1,30834/08-2029/0176(A),2024-08-14,2029-08-13,Wp Kuala Lumpur,Kuala Lumpur,"Kuala Lumpur, WP Kuala Lumpur",3.186907,101.734,Wp Kuala Lumpur,Kuala Lumpur,30834-1/08-2027/0769(A)-(S),2024-08-27,2027-08-26,2024-11-14,534960.00,800160.00,2024-11-14,first_spa_date,2022-01-01,Lancar,Berfasa,Jadual H,36 Bulan,2027-11-14,Ya,12 Bulan,48 Bulan,2028-11-14,No,,,1140,1140,1140,807,333,0,0,1140,70.789474,58.836477,50.789474,20.0,748346400.00,656444.2105263157894736842105,676560.00,561360.0000,693360.0000,542375520.00,440300660.00,545601.8091697645600991325898,548910.00,440300660.00,205970880.00,81.180039,19.985724,684,678,6,99.122807,609854400.00,912182400.00,100.0,100.0,100.0,0,1140,2,high,high,high,high,,2,high,,https://teduh.kpkt.gov.my/semakan-status-kemajuan,https://teduh.kpkt.gov.my/api/projek-swasta/30834-1,https://teduh.kpkt.gov.my/api/unit-projek-swasta/30834-1,2026-09-21,TEDUH frontend previous-day label; not an API timestamp,2026-09-22T20:16:04+08:00,1.5.2,"[{""jenis"":""Pangsapuri Servis"",""tingkat"":""30"",""bilik"":""1, 2, 3, 4"",""tandas"":""1, 2"",""keluasan"":""0"",""unit"":570,""hargaMin"":""534,960.00"",""hargaMax"":""800,160.00"",""peratus"":""20.00"",""komponen"":""Lancar"",""ccc"":""-"",""vp"":""-""},{""jenis"":""Pangsapuri Servis"",""tingkat"":""30"",""bilik"":""1, 2, 3, 4"",""tandas"":""1, 2, 3"",""keluasan"":""0"",""unit"":570,""hargaMin"":""534,960.00"",""hargaMax"":""800,160.00"",""peratus"":""20.00"",""komponen"":""Lancar"",""ccc"":""-"",""vp"":""-""}]","[{""component_number"":1,""component_label"":""Component 1"",""source_component_id"":""56425"",""property_type"":""Pangsapuri Servis"",""total_units"":570,""sold_units"":432,""unsold_units"":138,""booked_or_reserved_units"":0,""unknown_sales_status_units"":0,""comparable_total_units"":570,""sales_percentage"":75.789474,""duplicate_unit_identifiers"":0,""confidence"":""high""},{""component_number"":2,""component_label"":""Component 2"",""source_component_id"":""56426"",""property_type"":""Pangsapuri Servis"",""total_units"":570,""sold_units"":375,""unsold_units"":195,""booked_or_reserved_units"":0,""unknown_sales_status_units"":0,""comparable_total_units"":570,""sales_percentage"":65.789474,""duplicate_unit_identifiers"":0,""confidence"":""high""}]","[{""source_component_id"":""56425"",""property_type"":""Pangsapuri Servis"",""quota_category"":""Bumiputera"",""units"":4,""listed_value"":""2744640.00"",""minimum_listed_price"":""676560.00"",""maximum_listed_price"":""698160.00"",""listed_price_coverage_percentage"":100.0},{""source_component_id"":""56425"",""property_type"":""Pangsapuri Servis"",""quota_category"":""Non-Bumiputera"",""units"":134,""listed_value"":""80285040.00"",""minimum_listed_price"":""534960.00"",""maximum_listed_price"":""797760.00"",""listed_price_coverage_percentage"":100.0},{""source_component_id"":""56426"",""property_type"":""Pangsapuri Servis"",""quota_category"":""Bumiputera"",""units"":2,""listed_value"":""1219920.00"",""minimum_listed_price"":""536160.00"",""maximum_listed_price"":""683760.00"",""listed_price_coverage_percentage"":100.0},{""source_component_id"":""56426"",""property_type"":""Pangsapuri Servis"",""quota_category"":""Non-Bumiputera"",""units"":193,""listed_value"":""121721280.00"",""minimum_listed_price"":""536160.00"",""maximum_listed_price"":""800160.00"",""listed_price_coverage_percentage"":100.0}]","[{""no"":""30834-1/08-2027/0769(A)-(S)"",""mula"":""27 Aug 2024"",""tamat"":""26 Aug 2027"",""tempoh"":""36 bulan"",""is_latest"":false,""status"":""Aktif""},{""no"":""30834-1/08-2027/0769(N)-(S)"",""mula"":""27 Aug 2024"",""tamat"":""26 Aug 2027"",""tempoh"":""36 bulan"",""is_latest"":false,""status"":""Tidak Aktif""}]"
Kuala Lumpur,Menara Armani Prestij,Armani Group,comparator_set,,,,,,,Yes,initial_public_shortlist,2026-09-22,TEDUH,30135-2,Menara Armani Prestij,30135,ARMANI DEVELOPMENT SDN. BHD.,Aktif,3,30135/08-2027/0134(A),2022-08-04,2027-08-03,Wp Kuala Lumpur,,WP Kuala Lumpur,3.160951,101.713152,Wp Kuala Lumpur,,30135-2/07-2028/0600(A)-(S),2025-07-24,2028-07-23,2025-07-31,902858.00,1308429.00,2025-07-31,first_spa_date,2022-01-01,Lancar,Berfasa,Jadual H,36 Bulan,2028-07-31,Ya,24 Bulan,60 Bulan,2030-07-31,No,,,280,280,280,97,183,0,0,280,34.642857,31.545263,2.142857,32.5,294687403.00,1052455.010714285714285714286,1074286.00,985715.0000,1114286.0000,106601189.00,92959916.00,958349.6494845360824742268041,924000.00,92959916.00,188086214.00,87.203451,13.407418,0,0,0,,252800240.00,366360120.00,100.0,100.0,100.0,0,280,1,high,high,high,high,,1,high,,https://teduh.kpkt.gov.my/semakan-status-kemajuan,https://teduh.kpkt.gov.my/api/projek-swasta/30135-2,https://teduh.kpkt.gov.my/api/unit-projek-swasta/30135-2,2026-09-21,TEDUH frontend previous-day label; not an API timestamp,2026-09-22T20:16:06+08:00,1.5.2,"[{""jenis"":""Suite Homes"",""tingkat"":""41"",""bilik"":""1"",""tandas"":""1"",""keluasan"":""0"",""unit"":280,""hargaMin"":""902,858.00"",""hargaMax"":""1,308,429.00"",""peratus"":""32.50"",""komponen"":""Lancar"",""ccc"":""-"",""vp"":""-""}]","[{""component_number"":1,""component_label"":""Component 1"",""source_component_id"":""58374"",""property_type"":""Suite Homes"",""total_units"":280,""sold_units"":97,""unsold_units"":183,""booked_or_reserved_units"":0,""unknown_sales_status_units"":0,""comparable_total_units"":280,""sales_percentage"":34.642857,""duplicate_unit_identifiers"":0,""confidence"":""high""}]","[{""source_component_id"":""58374"",""property_type"":""Suite Homes"",""quota_category"":""Non-Bumiputera"",""units"":183,""listed_value"":""188086214.00"",""minimum_listed_price"":""902858.00"",""maximum_listed_price"":""1308429.00"",""listed_price_coverage_percentage"":100.0}]","[{""no"":""30135-2/07-2028/0600(N)-(S)"",""mula"":""24 Jul 2025"",""tamat"":""23 Jul 2028"",""tempoh"":""36 bulan"",""is_latest"":false,""status"":""Aktif""}]"
Kuala Lumpur,Miranda Hills,,comparator_set,,,,,,,Yes,initial_public_shortlist,2026-09-22,TEDUH,11611-2,Residensi Bukit Miranda,11611,FREEDOM ESTATES SDN. BHD.,Aktif,2,11611/11-2029/0470(R),2026-11-03,2029-11-02,Wp Kuala Lumpur,Kuala Lumpur,"Kuala Lumpur, WP Kuala Lumpur",3.180503,101.655341,Wp Kuala Lumpur,Kuala Lumpur,11611-2/11-2026/0002(R)-(S),2025-11-29,2026-11-28,2023-03-03,730250.00,2732400.00,2023-03-03,first_spa_date,2022-01-01,Lancar,Berfasa,Jadual H,36 Bulan,2026-03-03,Ya,18 Bulan,54 Bulan,2027-09-03,No,,,552,552,552,551,1,0,0,552,99.818841,86.624561,26.155254,73.663587,690338100.00,1250612.50,1209800.00,947312.5000,1636737.5000,688618850.00,598002350.00,1085303.720508166969147005445,1045000.00,598002350.00,1719250.00,86.840834,13.043478,34,34,0,100.0,448013550.00,1238207300.00,100.0,100.0,100.0,0,552,2,high,high,high,high,,2,high,,https://teduh.kpkt.gov.my/semakan-status-kemajuan,https://teduh.kpkt.gov.my/api/projek-swasta/11611-2,https://teduh.kpkt.gov.my/api/unit-projek-swasta/11611-2,2026-09-21,TEDUH frontend previous-day label; not an API timestamp,2026-09-22T20:16:09+08:00,1.5.2,"[{""jenis"":""Rumah Pangsa/Kondo"",""tingkat"":""37"",""bilik"":""2, 3, 4, 5, 6"",""tandas"":""2, 3, 4"",""keluasan"":""0"",""unit"":277,""hargaMin"":""892,400.00"",""hargaMax"":""2,732,400.00"",""peratus"":""71.90"",""komponen"":""Lancar"",""ccc"":""-"",""vp"":""-""},{""jenis"":""Rumah Pangsa/Kondo"",""tingkat"":""35"",""bilik"":""2, 3, 4, 5"",""tandas"":""2, 3, 4"",""keluasan"":""0"",""unit"":275,""hargaMin"":""730,250.00"",""hargaMax"":""1,750,300.00"",""peratus"":""75.44"",""komponen"":""Lancar"",""ccc"":""-"",""vp"":""-""}]","[{""component_number"":1,""component_label"":""Component 1"",""source_component_id"":""51736"",""property_type"":""Rumah Pangsa/Kondo"",""total_units"":277,""sold_units"":277,""unsold_units"":0,""booked_or_reserved_units"":0,""unknown_sales_status_units"":0,""comparable_total_units"":277,""sales_percentage"":100.0,""duplicate_unit_identifiers"":0,""confidence"":""high""},{""component_number"":2,""component_label"":""Component 2"",""source_component_id"":""51737"",""property_type"":""Rumah Pangsa/Kondo"",""total_units"":275,""sold_units"":274,""unsold_units"":1,""booked_or_reserved_units"":0,""unknown_sales_status_units"":0,""comparable_total_units"":275,""sales_percentage"":99.636364,""duplicate_unit_identifiers"":0,""confidence"":""high""}]","[{""source_component_id"":""51737"",""property_type"":""Rumah Pangsa/Kondo"",""quota_category"":""Non-Bumiputera"",""units"":1,""listed_value"":""1719250.00"",""minimum_listed_price"":""1719250.00"",""maximum_listed_price"":""1719250.00"",""listed_price_coverage_percentage"":100.0}]","[{""no"":""11611-2/11-2025/0369(A)-(S)"",""mula"":""29 Nov 2022"",""tamat"":""28 Nov 2025"",""tempoh"":""36 bulan"",""is_latest"":false,""status"":""Tamat""},{""no"":""11611-2/11-2025/0369(N)-(S)"",""mula"":""29 Nov 2022"",""tamat"":""28 Nov 2025"",""tempoh"":""36 bulan"",""is_latest"":false,""status"":""Tamat""}]"
Kuala Lumpur,Oaka Residence,Berjaya,comparator_set,,,,,,,Yes,initial_public_shortlist,2026-09-22,TEDUH,5660-14,Residensi Oak,5660,BERJAYA HARTANAH BERHAD,Aktif,14,5660/01-2028/0354(A),2023-01-21,2028-01-20,Wp Kuala Lumpur,Kuala Lumpur,"Kuala Lumpur, WP Kuala Lumpur",3.05317,101.67835,Wp Kuala Lumpur,Kuala Lumpur,5660-14/02-2027/0165(A)-(S),2024-02-20,2027-02-19,2024-11-22,854000.00,1535000.00,2024-11-22,first_spa_date,2022-01-01,Lancar,Berfasa,Jadual H,36 Bulan,2027-11-22,Ya,12 Bulan,48 Bulan,2028-11-22,No,,,350,350,350,207,143,0,0,350,59.142857,58.155486,2.772857,56.37,405375000.00,1158214.285714285714285714286,1176500.00,937250.0000,1336250.0000,245548000.00,235747800.00,1138878.260869565217391304348,1183000.00,235747800.00,159827000.00,96.008846,2.257336,76,20,56,26.315789,298900000.00,537250000.00,100.0,100.0,100.0,0,350,1,high,high,high,high,,1,high,,https://teduh.kpkt.gov.my/semakan-status-kemajuan,https://teduh.kpkt.gov.my/api/projek-swasta/5660-14,https://teduh.kpkt.gov.my/api/unit-projek-swasta/5660-14,2026-09-21,TEDUH frontend previous-day label; not an API timestamp,2026-09-22T20:16:12+08:00,1.5.2,"[{""jenis"":""Rumah Pangsa/Kondo"",""tingkat"":""31"",""bilik"":""2, 3"",""tandas"":""2, 3"",""keluasan"":""0"",""unit"":350,""hargaMin"":""854,000.00"",""hargaMax"":""1,535,000.00"",""peratus"":""56.37"",""komponen"":""Lancar"",""ccc"":""-"",""vp"":""-""}]","[{""component_number"":1,""component_label"":""Component 1"",""source_component_id"":""55155"",""property_type"":""Rumah Pangsa/Kondo"",""total_units"":350,""sold_units"":207,""unsold_units"":143,""booked_or_reserved_units"":0,""unknown_sales_status_units"":0,""comparable_total_units"":350,""sales_percentage"":59.142857,""duplicate_unit_identifiers"":0,""confidence"":""high""}]","[{""source_component_id"":""55155"",""property_type"":""Rumah Pangsa/Kondo"",""quota_category"":""Bumiputera"",""units"":56,""listed_value"":""62516000.00"",""minimum_listed_price"":""854000.00"",""maximum_listed_price"":""1430000.00"",""listed_price_coverage_percentage"":100.0},{""source_component_id"":""55155"",""property_type"":""Rumah Pangsa/Kondo"",""quota_category"":""Non-Bumiputera"",""units"":87,""listed_value"":""97311000.00"",""minimum_listed_price"":""903000.00"",""maximum_listed_price"":""1527000.00"",""listed_price_coverage_percentage"":100.0}]","[{""no"":""5660-14/02-2027/0165(A)-(S)"",""mula"":""20 Feb 2024"",""tamat"":""19 Feb 2027"",""tempoh"":""36 bulan"",""is_latest"":false,""status"":""Aktif""},{""no"":""5660-14/02-2027/0165(N)-(S)"",""mula"":""20 Feb 2024"",""tamat"":""19 Feb 2027"",""tempoh"":""36 bulan"",""is_latest"":false,""status"":""Tidak Aktif""}]"
Kuala Lumpur,One Seputeh Residence,,comparator_set,,,,,,,Yes,initial_public_shortlist,2026-09-22,TEDUH,30947-1,Residensi Seputeh 1,30947,SEPUTEH KUKUH SDN. BHD.,Aktif,1,30947/01-2030/0003(A),2025-01-04,2030-01-03,Wp Kuala Lumpur,,WP Kuala Lumpur,3.126147,101.688107,Wp Kuala Lumpur,,30947-1/10-2028/0867(A)-(S),2025-10-21,2028-10-20,2026-03-26,799365.00,2026290.00,2026-03-26,first_spa_date,2022-01-01,Lancar,Berfasa,Jadual H,36 Bulan,2029-03-26,Ya,16 Bulan,52 Bulan,2030-07-26,No,,,383,383,383,23,360,0,0,383,6.005222,,-14.584778,20.59,,1161677.467362924281984334204,1129080.00,1052640.000,1225627.500,26511885.00,22974000.00,998869.5652173913043478260870,994300.00,22974000.00,418410585.00,86.655475,4.761905,0,0,0,,306156795.00,776069070.00,100.0,100.0,100.0,1,383,1,low,low,medium,high,,1,low,1 duplicate unit identifier(s) detected,https://teduh.kpkt.gov.my/semakan-status-kemajuan,https://teduh.kpkt.gov.my/api/projek-swasta/30947-1,https://teduh.kpkt.gov.my/api/unit-projek-swasta/30947-1,2026-09-21,TEDUH frontend previous-day label; not an API timestamp,2026-09-22T20:16:14+08:00,1.5.2,"[{""jenis"":""Pangsapuri Servis"",""tingkat"":""50"",""bilik"":""2, 3"",""tandas"":""2, 3, 4"",""keluasan"":""0"",""unit"":383,""hargaMin"":""799,365.00"",""hargaMax"":""2,026,290.00"",""peratus"":""20.59"",""komponen"":""Lancar"",""ccc"":""-"",""vp"":""-""}]","[{""component_number"":1,""component_label"":""Component 1"",""source_component_id"":""58877"",""property_type"":""Pangsapuri Servis"",""total_units"":383,""sold_units"":23,""unsold_units"":360,""booked_or_reserved_units"":0,""unknown_sales_status_units"":0,""comparable_total_units"":383,""sales_percentage"":6.005222,""duplicate_unit_identifiers"":1,""confidence"":""low""}]","[{""source_component_id"":""58877"",""property_type"":""Pangsapuri Servis"",""quota_category"":""Non-Bumiputera"",""units"":360,""listed_value"":""418410585.00"",""minimum_listed_price"":""799365.00"",""maximum_listed_price"":""2026290.00"",""listed_price_coverage_percentage"":100.0}]","[{""no"":""30947-1/10-2028/0867(A)-(S)"",""mula"":""21 Oct 2025"",""tamat"":""20 Oct 2028"",""tempoh"":""36 bulan"",""is_latest"":false,""status"":""Aktif""},{""no"":""30947-1/10-2028/0867(N)-(S)"",""mula"":""21 Oct 2025"",""tamat"":""20 Oct 2028"",""tempoh"":""36 bulan"",""is_latest"":false,""status"":""Tidak Aktif""}]"
Kuala Lumpur,Papyrus Residence,,comparator_set,,,,,,,Yes,initial_public_shortlist,2026-09-22,TEDUH,30400-1,Residensi Papirus Yakin,30400,YAKIN LAND SDN. BHD.,Aktif,1,30400/03-2028/0077(A),2023-03-10,2028-03-09,Wp Kuala Lumpur,Kuala Lumpur,"Kuala Lumpur, WP Kuala Lumpur",3.17943,101.65778,Wp Kuala Lumpur,Kuala Lumpur,30400-1/08-2027/0646(R)-(S),2026-08-28,2027-08-27,2024-04-27,1041600.00,4579200.00,2024-04-27,first_spa_date,2022-01-01,Lancar,Berfasa,Jadual H,36 Bulan,2027-04-27,Ya,16 Bulan,52 Bulan,2028-08-27,No,,,454,454,454,438,16,0,0,454,96.475771,82.476941,8.776256,87.699515,690144600.00,1520142.290748898678414096916,1216800.00,1093200.0000,1387200.0000,670552800.00,569210156.00,1299566.566210045662100456621,1052815.00,569210156.00,19591800.00,84.886702,16.666667,100,94,6,94.0,473180400.00,2030552400.00,100.0,100.0,100.0,0,454,2,high,high,high,high,,2,high,,https://teduh.kpkt.gov.my/semakan-status-kemajuan,https://teduh.kpkt.gov.my/api/projek-swasta/30400-1,https://teduh.kpkt.gov.my/api/unit-projek-swasta/30400-1,2026-09-21,TEDUH frontend previous-day label; not an API timestamp,2026-09-22T20:16:17+08:00,1.5.2,"[{""jenis"":""Rumah Pangsa/Kondo"",""tingkat"":""38"",""bilik"":""4, 5"",""tandas"":""3, 4, 5, 6"",""keluasan"":""0"",""unit"":209,""hargaMin"":""1,041,600.00"",""hargaMax"":""4,347,600.00"",""peratus"":""87.57"",""komponen"":""Lancar"",""ccc"":""-"",""vp"":""-""},{""jenis"":""Rumah Pangsa/Kondo"",""tingkat"":""38"",""bilik"":""4, 5"",""tandas"":""3, 4, 6"",""keluasan"":""0"",""unit"":245,""hargaMin"":""1,042,800.00"",""hargaMax"":""4,579,200.00"",""peratus"":""87.81"",""komponen"":""Lancar"",""ccc"":""-"",""vp"":""-""}]","[{""component_number"":1,""component_label"":""Component 1"",""source_component_id"":""53987"",""property_type"":""Rumah Pangsa/Kondo"",""total_units"":209,""sold_units"":201,""unsold_units"":8,""booked_or_reserved_units"":0,""unknown_sales_status_units"":0,""comparable_total_units"":209,""sales_percentage"":96.172249,""duplicate_unit_identifiers"":0,""confidence"":""high""},{""component_number"":2,""component_label"":""Component 2"",""source_component_id"":""53988"",""property_type"":""Rumah Pangsa/Kondo"",""total_units"":245,""sold_units"":237,""unsold_units"":8,""booked_or_reserved_units"":0,""unknown_sales_status_units"":0,""comparable_total_units"":245,""sales_percentage"":96.734694,""duplicate_unit_identifiers"":0,""confidence"":""high""}]","[{""source_component_id"":""53987"",""property_type"":""Rumah Pangsa/Kondo"",""quota_category"":""Bumiputera"",""units"":1,""listed_value"":""1195200.00"",""minimum_listed_price"":""1195200.00"",""maximum_listed_price"":""1195200.00"",""listed_price_coverage_percentage"":100.0},{""source_component_id"":""53987"",""property_type"":""Rumah Pangsa/Kondo"",""quota_category"":""Non-Bumiputera"",""units"":7,""listed_value"":""8737800.00"",""minimum_listed_price"":""1044000.00"",""maximum_listed_price"":""2004600.00"",""listed_price_coverage_percentage"":100.0},{""source_component_id"":""53988"",""property_type"":""Rumah Pangsa/Kondo"",""quota_category"":""Bumiputera"",""units"":5,""listed_value"":""6051600.00"",""minimum_listed_price"":""1098000.00"",""maximum_listed_price"":""1382400.00"",""listed_price_coverage_percentage"":100.0},{""source_component_id"":""53988"",""property_type"":""Rumah Pangsa/Kondo"",""quota_category"":""Non-Bumiputera"",""units"":3,""listed_value"":""3607200.00"",""minimum_listed_price"":""1059600.00"",""maximum_listed_price"":""1336800.00"",""listed_price_coverage_percentage"":100.0}]","[{""no"":""30400-1/08-2026/0971(A)-(S)"",""mula"":""28 Aug 2023"",""tamat"":""27 Aug 2026"",""tempoh"":""36 bulan"",""is_latest"":false,""status"":""Tamat""},{""no"":""30400-1/08-2026/0971(N)-(S)"",""mula"":""28 Aug 2023"",""tamat"":""27 Aug 2026"",""tempoh"":""36 bulan"",""is_latest"":false,""status"":""Tamat""}]"
Kuala Lumpur,Park Green Bukit Jalil,MALTON BERHAD,comparator_set,,,,,,,Yes,initial_public_shortlist,2026-09-22,TEDUH,30667-1,Pavilion Bukit Jalil,30667,REGAL PATH SDN. BHD.,Aktif,1,30667/01-2029/0009(A),2024-01-08,2029-01-07,Wp Kuala Lumpur,Kuala Lumpur,"Kuala Lumpur, WP Kuala Lumpur",3.04936,101.67353,Wp Kuala Lumpur,Kuala Lumpur,30667-1/09-2027/0886(A)-(S),2024-09-30,2027-09-29,2024-10-15,1344450.00,2960470.00,2024-10-15,first_spa_date,2022-01-01,Lancar,Berfasa,Jadual H,36 Bulan,2027-10-15,Ya,18 Bulan,54 Bulan,2029-04-15,No,,,453,453,453,397,56,0,0,453,87.637969,78.651021,,,854002600.00,1885215.452538631346578366446,1811120.00,1544450.00,2166670.00,734290550.00,671681763.00,1691893.609571788413098236776,1639630.00,671681763.00,119712050.00,91.473568,8.610625,1,1,0,100.0,,,100.0,100.0,100.0,0,,2,high,high,high,unavailable,Potential double-counted construction groups,2,high,,https://teduh.kpkt.gov.my/semakan-status-kemajuan,https://teduh.kpkt.gov.my/api/projek-swasta/30667-1,https://teduh.kpkt.gov.my/api/unit-projek-swasta/30667-1,2026-09-21,TEDUH frontend previous-day label; not an API timestamp,2026-09-22T20:16:20+08:00,1.5.2,"[{""jenis"":""Pangsapuri Servis"",""tingkat"":""47"",""bilik"":""3, 4"",""tandas"":""2, 3"",""keluasan"":""0"",""unit"":210,""hargaMin"":""1,744,450.00"",""hargaMax"":""2,960,470.00"",""peratus"":""25.72"",""komponen"":""Lancar"",""ccc"":""-"",""vp"":""-""},{""jenis"":""Pangsapuri Servis"",""tingkat"":""47"",""bilik"":""3, 4"",""tandas"":""2, 3"",""keluasan"":""0"",""unit"":243,""hargaMin"":""1,344,450.00"",""hargaMax"":""2,355,560.00"",""peratus"":""27.51"",""komponen"":""Lancar"",""ccc"":""-"",""vp"":""-""}]","[{""component_number"":1,""component_label"":""Component 1"",""source_component_id"":""56675"",""property_type"":""Pangsapuri Servis"",""total_units"":210,""sold_units"":172,""unsold_units"":38,""booked_or_reserved_units"":0,""unknown_sales_status_units"":0,""comparable_total_units"":210,""sales_percentage"":81.904762,""duplicate_unit_identifiers"":0,""confidence"":""high""},{""component_number"":2,""component_label"":""Component 2"",""source_component_id"":""56676"",""property_type"":""Pangsapuri Servis"",""total_units"":243,""sold_units"":225,""unsold_units"":18,""booked_or_reserved_units"":0,""unknown_sales_status_units"":0,""comparable_total_units"":243,""sales_percentage"":92.592593,""duplicate_unit_identifiers"":0,""confidence"":""high""}]","[{""source_component_id"":""56675"",""property_type"":""Pangsapuri Servis"",""quota_category"":""Non-Bumiputera"",""units"":38,""listed_value"":""89478650.00"",""minimum_listed_price"":""1755560.00"",""maximum_listed_price"":""2960470.00"",""listed_price_coverage_percentage"":100.0},{""source_component_id"":""56676"",""property_type"":""Pangsapuri Servis"",""quota_category"":""Non-Bumiputera"",""units"":18,""listed_value"":""30233400.00"",""minimum_listed_price"":""1344450.00"",""maximum_listed_price"":""2322230.00"",""listed_price_coverage_percentage"":100.0}]","[{""no"":""30667-1/09-2027/0886(A)-(S)"",""mula"":""30 Sep 2024"",""tamat"":""29 Sep 2027"",""tempoh"":""36 bulan"",""is_latest"":false,""status"":""Aktif""},{""no"":""30667-1/09-2027/0886(N)-(S)"",""mula"":""30 Sep 2024"",""tamat"":""29 Sep 2027"",""tempoh"":""36 bulan"",""is_latest"":false,""status"":""Tidak Aktif""}]"
Kuala Lumpur,Pavillion Square,Armani Group,comparator_set,,,,,,,Yes,initial_public_shortlist,2026-09-22,TEDUH,30633-1,Dataran Pavilion (pavilion Square),30633,ARMANI HARTAJAYA SDN. BHD.,Aktif,1,30633/11-2028/0308(A),2023-12-01,2028-11-30,Wp Kuala Lumpur,Kuala Lumpur,"Kuala Lumpur, WP Kuala Lumpur",3.14865,101.716208,Wp Kuala Lumpur,Kuala Lumpur,30633-1/08-2027/0740(A)-(S),2024-08-16,2027-08-15,2024-09-11,1319000.00,5774150.00,2024-09-11,first_spa_date,2022-01-01,Lancar,Berfasa,Jadual H,36 Bulan,2027-09-11,Ya,22 Bulan,58 Bulan,2029-07-11,No,,,960,960,960,762,198,0,0,960,79.375,73.614173,53.955,25.42,3016933600.00,3142639.166666666666666666667,3080500.00,2413750.0000,3820112.5000,2355239400.00,2220890730.00,2914554.763779527559055118110,2876500.00,2220890730.00,661694200.00,94.295753,5.995589,11,11,0,100.0,1266240000.00,5543184000.00,100.0,100.0,100.0,0,960,1,high,high,high,high,,1,high,,https://teduh.kpkt.gov.my/semakan-status-kemajuan,https://teduh.kpkt.gov.my/api/projek-swasta/30633-1,https://teduh.kpkt.gov.my/api/unit-projek-swasta/30633-1,2026-09-21,TEDUH frontend previous-day label; not an API timestamp,2026-09-22T20:16:23+08:00,1.5.2,"[{""jenis"":""Pangsapuri Servis"",""tingkat"":""68"",""bilik"":""1, 2, 3"",""tandas"":""1, 2, 3"",""keluasan"":""0"",""unit"":960,""hargaMin"":""1,319,000.00"",""hargaMax"":""5,774,150.00"",""peratus"":""25.42"",""komponen"":""Lancar"",""ccc"":""-"",""vp"":""-""}]","[{""component_number"":1,""component_label"":""Component 1"",""source_component_id"":""56348"",""property_type"":""Pangsapuri Servis"",""total_units"":960,""sold_units"":762,""unsold_units"":198,""booked_or_reserved_units"":0,""unknown_sales_status_units"":0,""comparable_total_units"":960,""sales_percentage"":79.375,""duplicate_unit_identifiers"":0,""confidence"":""high""}]","[{""source_component_id"":""56348"",""property_type"":""Pangsapuri Servis"",""quota_category"":""Non-Bumiputera"",""units"":198,""listed_value"":""661694200.00"",""minimum_listed_price"":""1822000.00"",""maximum_listed_price"":""5774150.00"",""listed_price_coverage_percentage"":100.0}]","[{""no"":""30633-1/08-2027/0740(N)-(S)"",""mula"":""16 Aug 2024"",""tamat"":""15 Aug 2027"",""tempoh"":""36 bulan"",""is_latest"":false,""status"":""Aktif""}]"
Kuala Lumpur,Peel Lane,ORANDO HOLDINGS SDN BHD,comparator_set,,,,,,,Yes,initial_public_shortlist,2026-09-22,TEDUH,31158-1,Residensi Peel,31158,KUKUH DINAMIK EKSPRES SDN. BHD.,Aktif,1,31158/09-2030/0214(A),2025-09-19,2030-09-18,Wp Kuala Lumpur,Kuala Lumpur,"Kuala Lumpur, WP Kuala Lumpur",3.128627,101.72908,Wp Kuala Lumpur,Kuala Lumpur,31158-1/02-2029/0102(A)-(S),2026-02-09,2029-02-08,2026-03-14,555000.00,1311000.00,2026-03-14,first_spa_date,2022-01-01,Lancar,Berfasa,Jadual H,36 Bulan,2029-03-14,Ya,18 Bulan,54 Bulan,2030-09-14,No,,,406,406,406,286,120,0,0,406,70.44335,60.287874,63.19335,7.25,307582000.00,757591.1330049261083743842365,773000.00,636000.0000,829500.0000,205373000.00,185434650.00,648372.9020979020979020979021,637500.00,185434650.00,102209000.00,90.29164,7.898089,29,6,23,20.689655,225330000.00,532266000.00,100.0,100.0,100.0,0,406,1,high,high,high,high,,1,high,,https://teduh.kpkt.gov.my/semakan-status-kemajuan,https://teduh.kpkt.gov.my/api/projek-swasta/31158-1,https://teduh.kpkt.gov.my/api/unit-projek-swasta/31158-1,2026-09-21,TEDUH frontend previous-day label; not an API timestamp,2026-09-22T20:16:25+08:00,1.5.2,"[{""jenis"":""Pangsapuri Servis"",""tingkat"":""40"",""bilik"":""2, 3, 4"",""tandas"":""2, 3, 4"",""keluasan"":""0"",""unit"":406,""hargaMin"":""555,000.00"",""hargaMax"":""1,311,000.00"",""peratus"":""7.25"",""komponen"":""Lancar"",""ccc"":""-"",""vp"":""-""}]","[{""component_number"":1,""component_label"":""Component 1"",""source_component_id"":""59439"",""property_type"":""Pangsapuri Servis"",""total_units"":406,""sold_units"":286,""unsold_units"":120,""booked_or_reserved_units"":0,""unknown_sales_status_units"":0,""comparable_total_units"":406,""sales_percentage"":70.44335,""duplicate_unit_identifiers"":0,""confidence"":""high""}]","[{""source_component_id"":""59439"",""property_type"":""Pangsapuri Servis"",""quota_category"":""Bumiputera"",""units"":23,""listed_value"":""16178000.00"",""minimum_listed_price"":""565000.00"",""maximum_listed_price"":""1170000.00"",""listed_price_coverage_percentage"":100.0},{""source_component_id"":""59439"",""property_type"":""Pangsapuri Servis"",""quota_category"":""Non-Bumiputera"",""units"":97,""listed_value"":""86031000.00"",""minimum_listed_price"":""676000.00"",""maximum_listed_price"":""1308000.00"",""listed_price_coverage_percentage"":100.0}]","[{""no"":""31158-1/02-2029/0102(A)-(S)"",""mula"":""09 Feb 2026"",""tamat"":""08 Feb 2029"",""tempoh"":""36 bulan"",""is_latest"":false,""status"":""Aktif""},{""no"":""31158-1/02-2029/0102(N)-(S)"",""mula"":""09 Feb 2026"",""tamat"":""08 Feb 2029"",""tempoh"":""36 bulan"",""is_latest"":false,""status"":""Tidak Aktif""}]"
Kuala Lumpur,Platinum Melati Residence,,comparator_set,,,,,,,Yes,initial_public_shortlist,2026-09-22,TEDUH,31008-1,Residensi Platinum Melati,31008,SMART ADVANCE RESOURCES SDN. BHD.,Aktif,1,31008/03-2030/0064(A),2025-03-26,2030-03-25,Wp Kuala Lumpur,,WP Kuala Lumpur,3.221555,101.726668,Wp Kuala Lumpur,,31008-1/06-2028/0483(A)-(S),2025-06-19,2028-06-18,2025-08-28,300000.00,1626500.00,2025-08-28,first_spa_date,2022-01-01,Lancar,Berfasa,Jadual H,36 Bulan,2028-08-28,Ya,18 Bulan,54 Bulan,2030-02-28,No,,,794,794,794,531,263,0,0,794,66.876574,55.573118,39.962972,26.913602,496516000.00,625335.0125944584382871536524,687500.00,300000.0000,802500.0000,280852000.00,275929425.00,519641.1016949152542372881356,647425.00,275929425.00,215664000.00,98.247271,0.0,400,294,106,73.5,448189000.00,858847000.00,100.0,100.0,100.0,0,794,3,high,high,high,high,,3,high,,https://teduh.kpkt.gov.my/semakan-status-kemajuan,https://teduh.kpkt.gov.my/api/projek-swasta/31008-1,https://teduh.kpkt.gov.my/api/unit-projek-swasta/31008-1,2026-09-21,TEDUH frontend previous-day label; not an API timestamp,2026-09-22T20:16:28+08:00,1.5.2,"[{""jenis"":""Rumah Pangsa/Kondo"",""tingkat"":""36"",""bilik"":""4, 5, 10"",""tandas"":""2, 3, 6"",""keluasan"":""0"",""unit"":198,""hargaMin"":""678,000.00"",""hargaMax"":""1,626,500.00"",""peratus"":""29.77"",""komponen"":""Lancar"",""ccc"":""-"",""vp"":""-""},{""jenis"":""Rumah Pangsa/Kondo"",""tingkat"":""37"",""bilik"":""4, 5, 9"",""tandas"":""2, 5"",""keluasan"":""0"",""unit"":358,""hargaMin"":""677,500.00"",""hargaMax"":""1,300,000.00"",""peratus"":""29.93"",""komponen"":""Lancar"",""ccc"":""-"",""vp"":""-""},{""jenis"":""Rumah Pangsa/Kondo"",""tingkat"":""37"",""bilik"":""3"",""tandas"":""2"",""keluasan"":""0"",""unit"":238,""hargaMin"":""300,000.00"",""hargaMax"":""300,000.00"",""peratus"":""20.00"",""komponen"":""Lancar"",""ccc"":""-"",""vp"":""-""}]","[{""component_number"":1,""component_label"":""Component 1"",""source_component_id"":""58130"",""property_type"":""Rumah Pangsa/Kondo"",""total_units"":198,""sold_units"":131,""unsold_units"":67,""booked_or_reserved_units"":0,""unknown_sales_status_units"":0,""comparable_total_units"":198,""sales_percentage"":66.161616,""duplicate_unit_identifiers"":0,""confidence"":""high""},{""component_number"":2,""component_label"":""Component 2"",""source_component_id"":""58131"",""property_type"":""Rumah Pangsa/Kondo"",""total_units"":358,""sold_units"":167,""unsold_units"":191,""booked_or_reserved_units"":0,""unknown_sales_status_units"":0,""comparable_total_units"":358,""sales_percentage"":46.648045,""duplicate_unit_identifiers"":0,""confidence"":""high""},{""component_number"":3,""component_label"":""Component 3"",""source_component_id"":""58132"",""property_type"":""Rumah Pangsa/Kondo"",""total_units"":238,""sold_units"":233,""unsold_units"":5,""booked_or_reserved_units"":0,""unknown_sales_status_units"":0,""comparable_total_units"":238,""sales_percentage"":97.89916,""duplicate_unit_identifiers"":0,""confidence"":""high""}]","[{""source_component_id"":""58130"",""property_type"":""Rumah Pangsa/Kondo"",""quota_category"":""Bumiputera"",""units"":25,""listed_value"":""21742500.00"",""minimum_listed_price"":""861500.00"",""maximum_listed_price"":""878000.00"",""listed_price_coverage_percentage"":100.0},{""source_component_id"":""58130"",""property_type"":""Rumah Pangsa/Kondo"",""quota_category"":""Non-Bumiputera"",""units"":42,""listed_value"":""38584500.00"",""minimum_listed_price"":""692000.00"",""maximum_listed_price"":""1626500.00"",""listed_price_coverage_percentage"":100.0},{""source_component_id"":""58131"",""property_type"":""Rumah Pangsa/Kondo"",""quota_category"":""Bumiputera"",""units"":77,""listed_value"":""61835500.00"",""minimum_listed_price"":""795500.00"",""maximum_listed_price"":""812500.00"",""listed_price_coverage_percentage"":100.0},{""source_component_id"":""58131"",""property_type"":""Rumah Pangsa/Kondo"",""quota_category"":""Non-Bumiputera"",""units"":114,""listed_value"":""92001500.00"",""minimum_listed_price"":""795500.00"",""maximum_listed_price"":""1300000.00"",""listed_price_coverage_percentage"":100.0},{""source_component_id"":""58132"",""property_type"":""Rumah Pangsa/Kondo"",""quota_category"":""Bumiputera"",""units"":4,""listed_value"":""1200000.00"",""minimum_listed_price"":""300000.00"",""maximum_listed_price"":""300000.00"",""listed_price_coverage_percentage"":100.0},{""source_component_id"":""58132"",""property_type"":""Rumah Pangsa/Kondo"",""quota_category"":""Non-Bumiputera"",""units"":1,""listed_value"":""300000.00"",""minimum_listed_price"":""300000.00"",""maximum_listed_price"":""300000.00"",""listed_price_coverage_percentage"":100.0}]","[{""no"":""31008-1/06-2028/0483(N)-(S)"",""mula"":""19 Jun 2025"",""tamat"":""18 Jun 2028"",""tempoh"":""36 bulan"",""is_latest"":false,""status"":""Aktif""}]"
Kuala Lumpur,Ren Residence Bukit Jalil,,comparator_set,,,,,,,Yes,initial_public_shortlist,2026-09-22,TEDUH,19779-3,Residensi Renaisans Bukit Jalil,19779,GAYA KUASA SDN. BHD.,Aktif,3,19779/10-2027/1093(A),2022-10-08,2027-10-07,Wp Kuala Lumpur,Kuala Lumpur,"Kuala Lumpur, WP Kuala Lumpur",3.049352,101.658963,Wp Kuala Lumpur,Kuala Lumpur,19779-3/04-2027/0248(R)-(S),2026-04-13,2027-04-12,2023-06-26,537000.00,1262800.00,2023-06-26,first_spa_date,2022-01-01,Lancar,Berfasa,Jadual H,36 Bulan,2026-06-26,Ya,16 Bulan,52 Bulan,2027-10-26,No,,,1260,1260,1260,1061,199,0,0,1260,84.206349,76.490665,-0.003651,84.21,1014058900.00,804808.6507936507936507936508,776600.00,705100.0000,848100.0000,838906500.00,775660394.50,731065.4048067860508953817154,701000.00,775660394.50,175152400.00,92.460887,8.492035,19,19,0,100.0,752031000.00,1511433000.00,100.0,100.0,100.0,0,1260,2,high,high,high,high,,2,high,,https://teduh.kpkt.gov.my/semakan-status-kemajuan,https://teduh.kpkt.gov.my/api/projek-swasta/19779-3,https://teduh.kpkt.gov.my/api/unit-projek-swasta/19779-3,2026-09-21,TEDUH frontend previous-day label; not an API timestamp,2026-09-22T20:16:31+08:00,1.5.2,"[{""jenis"":""Rumah Pangsa/Kondo"",""tingkat"":""52"",""bilik"":""3, 4"",""tandas"":""2, 3"",""keluasan"":""0"",""unit"":630,""hargaMin"":""656,700.00"",""hargaMax"":""1,262,800.00"",""peratus"":""84.21"",""komponen"":""Lancar"",""ccc"":""-"",""vp"":""-""},{""jenis"":""Rumah Pangsa/Kondo"",""tingkat"":""52"",""bilik"":""3, 4"",""tandas"":""2"",""keluasan"":""0"",""unit"":630,""hargaMin"":""537,000.00"",""hargaMax"":""1,136,300.00"",""peratus"":""84.21"",""komponen"":""Lancar"",""ccc"":""-"",""vp"":""-""}]","[{""component_number"":1,""component_label"":""Component 1"",""source_component_id"":""52841"",""property_type"":""Rumah Pangsa/Kondo"",""total_units"":630,""sold_units"":506,""unsold_units"":124,""booked_or_reserved_units"":0,""unknown_sales_status_units"":0,""comparable_total_units"":630,""sales_percentage"":80.31746,""duplicate_unit_identifiers"":0,""confidence"":""high""},{""component_number"":2,""component_label"":""Component 2"",""source_component_id"":""52842"",""property_type"":""Rumah Pangsa/Kondo"",""total_units"":630,""sold_units"":555,""unsold_units"":75,""booked_or_reserved_units"":0,""unknown_sales_status_units"":0,""comparable_total_units"":630,""sales_percentage"":88.095238,""duplicate_unit_identifiers"":0,""confidence"":""high""}]","[{""source_component_id"":""52841"",""property_type"":""Rumah Pangsa/Kondo"",""quota_category"":""Non-Bumiputera"",""units"":124,""listed_value"":""113419900.00"",""minimum_listed_price"":""712800.00"",""maximum_listed_price"":""1262800.00"",""listed_price_coverage_percentage"":100.0},{""source_component_id"":""52842"",""property_type"":""Rumah Pangsa/Kondo"",""quota_category"":""Non-Bumiputera"",""units"":75,""listed_value"":""61732500.00"",""minimum_listed_price"":""599000.00"",""maximum_listed_price"":""1111000.00"",""listed_price_coverage_percentage"":100.0}]","[{""no"":""19779-3/04-2026/0446(A)-(S)"",""mula"":""13 Apr 2023"",""tamat"":""12 Apr 2026"",""tempoh"":""36 bulan"",""is_latest"":false,""status"":""Tamat""},{""no"":""19779-3/04-2026/0446(N)-(S)"",""mula"":""13 Apr 2023"",""tamat"":""12 Apr 2026"",""tempoh"":""36 bulan"",""is_latest"":false,""status"":""Tamat""}]"
Kuala Lumpur,Residensi Aurum,,comparator_set,,,,,,,Yes,initial_public_shortlist,2026-09-22,TEDUH,30250-2,Residensi Aurum,30250,AMBER HOMES SRI PETALING SDN. BHD.,Aktif,2,30250/10-2027/0249(A),2022-10-13,2027-10-12,Wp Kuala Lumpur,Kuala Lumpur,"Kuala Lumpur, WP Kuala Lumpur",3.068411,101.685634,Wp Kuala Lumpur,Kuala Lumpur,30250-2/09-2026/0989(A)-(S),2023-09-04,2026-09-03,2023-11-24,729500.00,899500.00,2023-11-24,first_spa_date,2022-01-01,Lancar,Berfasa,Jadual H,36 Bulan,2026-11-24,Ya,12 Bulan,48 Bulan,2027-11-24,No,,,661,661,661,659,2,0,0,661,99.697428,99.645172,33.787958,65.90947,529412000.00,800925.8698940998487140695915,829500.00,739500.00,848500.00,527627500.00,527533500.00,800506.0698027314112291350531,750000.00,527533500.00,1784500.00,99.982184,0.0,1,1,0,100.0,482199500.00,594569500.00,100.0,100.0,100.0,0,661,2,high,high,high,high,,2,high,,https://teduh.kpkt.gov.my/semakan-status-kemajuan,https://teduh.kpkt.gov.my/api/projek-swasta/30250-2,https://teduh.kpkt.gov.my/api/unit-projek-swasta/30250-2,2026-09-21,TEDUH frontend previous-day label; not an API timestamp,2026-09-22T20:16:34+08:00,1.5.2,"[{""jenis"":""Rumah Pangsa/Kondo"",""tingkat"":""51"",""bilik"":""3, 4"",""tandas"":""2, 3"",""keluasan"":""0"",""unit"":333,""hargaMin"":""729,500.00"",""hargaMax"":""899,500.00"",""peratus"":""65.84"",""komponen"":""Lancar"",""ccc"":""-"",""vp"":""-""},{""jenis"":""Rumah Pangsa/Kondo"",""tingkat"":""50"",""bilik"":""3, 4"",""tandas"":""2, 3"",""keluasan"":""0"",""unit"":328,""hargaMin"":""729,500.00"",""hargaMax"":""899,500.00"",""peratus"":""65.98"",""komponen"":""Lancar"",""ccc"":""-"",""vp"":""-""}]","[{""component_number"":1,""component_label"":""Component 1"",""source_component_id"":""54012"",""property_type"":""Rumah Pangsa/Kondo"",""total_units"":333,""sold_units"":333,""unsold_units"":0,""booked_or_reserved_units"":0,""unknown_sales_status_units"":0,""comparable_total_units"":333,""sales_percentage"":100.0,""duplicate_unit_identifiers"":0,""confidence"":""high""},{""component_number"":2,""component_label"":""Component 2"",""source_component_id"":""54013"",""property_type"":""Rumah Pangsa/Kondo"",""total_units"":328,""sold_units"":326,""unsold_units"":2,""booked_or_reserved_units"":0,""unknown_sales_status_units"":0,""comparable_total_units"":328,""sales_percentage"":99.390244,""duplicate_unit_identifiers"":0,""confidence"":""high""}]","[{""source_component_id"":""54013"",""property_type"":""Rumah Pangsa/Kondo"",""quota_category"":""Non-Bumiputera"",""units"":2,""listed_value"":""1784500.00"",""minimum_listed_price"":""885000.00"",""maximum_listed_price"":""899500.00"",""listed_price_coverage_percentage"":100.0}]","[{""no"":""30250-2/09-2026/0989(N)-(S)"",""mula"":""04 Sep 2023"",""tamat"":""03 Sep 2026"",""tempoh"":""36 bulan"",""is_latest"":false,""status"":""Tamat""}]"
Kuala Lumpur,Residensi Skyline,TS Law,general,,,,,,,Yes,manual,2026-09-22,TEDUH,20209-1,Residensi Skyline,20209,LTS SKYLINE SDN. BHD.,Aktif,2,20209/01-2027/1515(A),2024-01-21,2027-01-20,Wp Kuala Lumpur,Kuala Lumpur,"Kuala Lumpur, WP Kuala Lumpur",3.133444,101.712468,Wp Kuala Lumpur,Kuala Lumpur,20209-1/12-2026/0143(R)-(S),2025-12-28,2026-12-27,2022-01-14,422200.00,1143000.00,2022-01-14,first_spa_date,2022-01-01,Siap Dengan CCC,Berfasa,Jadual H,36 Bulan,2025-01-14,Ya,24 Bulan,60 Bulan,2027-01-14,Yes,2026-01-02,2026-02-13,1109,1109,1109,1098,11,0,0,1109,99.008115,79.24301,-0.991885,100.0,745155500.00,671916.5915238954012623985573,696000.00,505300.00,744500.00,736523800.00,590483649.35,537781.1014116575591985428051,583552.00,590483649.35,8631700.00,80.1717,17.627793,2,2,0,100.0,603210600.00,1106657700.00,100.0,100.0,100.0,0,1109,2,high,high,high,high,,2,high,,https://teduh.kpkt.gov.my/semakan-status-kemajuan,https://teduh.kpkt.gov.my/api/projek-swasta/20209-1,https://teduh.kpkt.gov.my/api/unit-projek-swasta/20209-1,2026-09-21,TEDUH frontend previous-day label; not an API timestamp,2026-09-22T19:52:55+08:00,1.5.2,"[{""jenis"":""Pangsapuri Suite"",""tingkat"":""40"",""bilik"":0,""tandas"":0,""keluasan"":""0"",""unit"":518,""hargaMin"":""682,800.00"",""hargaMax"":""1,143,000.00"",""peratus"":""100.00"",""komponen"":""Siap Dengan CCC"",""ccc"":""02/01/2026"",""vp"":""08/01/2026""},{""jenis"":""Pangsapuri Suite"",""tingkat"":""37"",""bilik"":0,""tandas"":0,""keluasan"":""0"",""unit"":591,""hargaMin"":""422,200.00"",""hargaMax"":""870,700.00"",""peratus"":""100.00"",""komponen"":""Siap Dengan CCC"",""ccc"":""02/01/2026"",""vp"":""13/02/2026""}]","[{""component_number"":1,""component_label"":""Component 1"",""source_component_id"":""50349"",""property_type"":""Pangsapuri Suite"",""total_units"":518,""sold_units"":515,""unsold_units"":3,""booked_or_reserved_units"":0,""unknown_sales_status_units"":0,""comparable_total_units"":518,""sales_percentage"":99.420849,""duplicate_unit_identifiers"":0,""confidence"":""high""},{""component_number"":2,""component_label"":""Component 2"",""source_component_id"":""50350"",""property_type"":""Pangsapuri Suite"",""total_units"":591,""sold_units"":583,""unsold_units"":8,""booked_or_reserved_units"":0,""unknown_sales_status_units"":0,""comparable_total_units"":591,""sales_percentage"":98.646362,""duplicate_unit_identifiers"":0,""confidence"":""high""}]","[{""source_component_id"":""50349"",""property_type"":""Pangsapuri Suite"",""quota_category"":""Non-Bumiputera"",""units"":3,""listed_value"":""2932900.00"",""minimum_listed_price"":""751300.00"",""maximum_listed_price"":""1122100.00"",""listed_price_coverage_percentage"":100.0},{""source_component_id"":""50350"",""property_type"":""Pangsapuri Suite"",""quota_category"":""Non-Bumiputera"",""units"":8,""listed_value"":""5698800.00"",""minimum_listed_price"":""523500.00"",""maximum_listed_price"":""860800.00"",""listed_price_coverage_percentage"":100.0}]","[{""no"":""20209-1/12-2025/0024(R)-(S)"",""mula"":""28 Dec 2024"",""tamat"":""27 Dec 2025"",""tempoh"":""12 bulan"",""is_latest"":false,""status"":""Tamat""},{""no"":""20209-1/12-2024/0090(R)-(S)"",""mula"":""28 Dec 2023"",""tamat"":""27 Dec 2024"",""tempoh"":""12 bulan"",""is_latest"":false,""status"":""Tamat""},{""no"":""20209-1/12-2023/0959(A)-(S)"",""mula"":""28 Dec 2021"",""tamat"":""27 Dec 2023"",""tempoh"":""24 bulan"",""is_latest"":false,""status"":""Tamat""},{""no"":""20209-1/12-2023/0959(P)"",""mula"":""28 Dec 2021"",""tamat"":""27 Dec 2023"",""tempoh"":""24 bulan"",""is_latest"":false,""status"":""Tamat""}]"
Kuala Lumpur,Royal Garden,MALAYSIA LAND PROPERTIES SDN BHD,comparator_set,,,,,,,Yes,initial_public_shortlist,2026-09-22,TEDUH,8261-5,Royal Garden,8261,MAYLAND DEVELOPMENT SDN. BHD.,Aktif,5,8261/03-2027/0981(A),2017-03-21,2027-03-20,Wp Kuala Lumpur,,WP Kuala Lumpur,3.179223,101.675881,Wp Kuala Lumpur,,8261-5/07-2028/0627(A)-(S),2025-07-31,2028-07-30,2025-08-21,820800.00,1540770.00,2025-08-21,first_spa_date,2022-01-01,Lancar,Berfasa,Jadual H,36 Bulan,2028-08-21,Ya,18 Bulan,54 Bulan,2030-02-21,No,,,600,600,600,101,499,0,0,600,16.833333,14.170378,11.833333,5.0,715112130.00,1191853.55,1160800.00,1160800.0000,1190800.0000,128932930.00,101334094.00,1003307.861386138613861386139,959800.00,101334094.00,586179200.00,78.594424,22.570641,18,18,0,100.0,492480000.00,924462000.00,100.0,100.0,100.0,0,600,1,high,high,high,high,,1,high,,https://teduh.kpkt.gov.my/semakan-status-kemajuan,https://teduh.kpkt.gov.my/api/projek-swasta/8261-5,https://teduh.kpkt.gov.my/api/unit-projek-swasta/8261-5,2026-09-21,TEDUH frontend previous-day label; not an API timestamp,2026-09-22T20:16:36+08:00,1.5.2,"[{""jenis"":""Rumah Pangsa/Kondo"",""tingkat"":""31"",""bilik"":""3, 4"",""tandas"":""3, 4"",""keluasan"":""0"",""unit"":600,""hargaMin"":""820,800.00"",""hargaMax"":""1,540,770.00"",""peratus"":""5.00"",""komponen"":""Lancar"",""ccc"":""-"",""vp"":""-""}]","[{""component_number"":1,""component_label"":""Component 1"",""source_component_id"":""58419"",""property_type"":""Rumah Pangsa/Kondo"",""total_units"":600,""sold_units"":101,""unsold_units"":499,""booked_or_reserved_units"":0,""unknown_sales_status_units"":0,""comparable_total_units"":600,""sales_percentage"":16.833333,""duplicate_unit_identifiers"":0,""confidence"":""high""}]","[{""source_component_id"":""58419"",""property_type"":""Rumah Pangsa/Kondo"",""quota_category"":""Non-Bumiputera"",""units"":499,""listed_value"":""586179200.00"",""minimum_listed_price"":""820800.00"",""maximum_listed_price"":""1470800.00"",""listed_price_coverage_percentage"":100.0}]","[{""no"":""8261-5/07-2028/0627(A)-(S)"",""mula"":""31 Jul 2025"",""tamat"":""30 Jul 2028"",""tempoh"":""36 bulan"",""is_latest"":false,""status"":""Aktif""},{""no"":""8261-5/07-2028/0627(N)-(S)"",""mula"":""31 Jul 2025"",""tamat"":""30 Jul 2028"",""tempoh"":""36 bulan"",""is_latest"":false,""status"":""Tidak Aktif""}]"
Kuala Lumpur,Skyline Embassy Ampang,LAW DEVELOPMENTS SDN BHD,comparator_set,,,,,,,Yes,initial_public_shortlist,2026-09-22,TEDUH,19760-2,Residensi Skyline Duta Ampang,19760,SKYLINE EMBASSY SDN. BHD.,Aktif,2,19760/09-2027/0998(A),2022-09-14,2027-09-13,Wp Kuala Lumpur,Kuala Lumpur,"Kuala Lumpur, WP Kuala Lumpur",3.150376,101.71685,Wp Kuala Lumpur,Kuala Lumpur,19760-2/09-2027/0884(N)-(S),2024-09-30,2027-09-29,2024-10-02,912000.00,1546000.00,2024-10-02,first_spa_date,2022-01-01,Siap Dengan CCC,Berfasa,Jadual H,36 Bulan,2027-10-02,Ya,12 Bulan,48 Bulan,2028-10-02,Yes,2026-07-07,,432,432,432,431,1,0,0,432,99.768519,85.052743,-0.231481,100.0,560071000.00,1296460.648148148148148148148,1389000.00,1180750.0000,1482500.0000,559055000.00,476355750.00,1105233.758700696055684454756,1153000.00,476355750.00,1016000.00,85.207314,14.247312,12,12,0,100.0,393984000.00,667872000.00,100.0,100.0,100.0,0,432,1,high,high,high,high,,1,high,,https://teduh.kpkt.gov.my/semakan-status-kemajuan,https://teduh.kpkt.gov.my/api/projek-swasta/19760-2,https://teduh.kpkt.gov.my/api/unit-projek-swasta/19760-2,2026-09-21,TEDUH frontend previous-day label; not an API timestamp,2026-09-22T20:16:39+08:00,1.5.2,"[{""jenis"":""Pangsapuri Servis"",""tingkat"":""63"",""bilik"":""1, 2"",""tandas"":""1, 2"",""keluasan"":""0"",""unit"":432,""hargaMin"":""912,000.00"",""hargaMax"":""1,546,000.00"",""peratus"":""100.00"",""komponen"":""Siap Dengan CCC"",""ccc"":""07/07/2026"",""vp"":""-""}]","[{""component_number"":1,""component_label"":""Component 1"",""source_component_id"":""56653"",""property_type"":""Pangsapuri Servis"",""total_units"":432,""sold_units"":431,""unsold_units"":1,""booked_or_reserved_units"":0,""unknown_sales_status_units"":0,""comparable_total_units"":432,""sales_percentage"":99.768519,""duplicate_unit_identifiers"":0,""confidence"":""high""}]","[{""source_component_id"":""56653"",""property_type"":""Pangsapuri Servis"",""quota_category"":""Non-Bumiputera"",""units"":1,""listed_value"":""1016000.00"",""minimum_listed_price"":""1016000.00"",""maximum_listed_price"":""1016000.00"",""listed_price_coverage_percentage"":100.0}]",[]
Kuala Lumpur,SOLASTA DUTAMAS,YNH PROPERTY BHD.,comparator_set,,,,,,,Yes,initial_public_shortlist,2026-09-22,TEDUH,4131-139,Solasta Dutamas,4131,KAR SIN BHD.,Aktif,141,4131/03-2029/0118(A),2024-03-23,2029-03-22,Wp Kuala Lumpur,Kuala Lumpur,"Kuala Lumpur, WP Kuala Lumpur",3.18725,101.587994,Wp Kuala Lumpur,Kuala Lumpur,4131-139/03-2027/0301(R)-(S),2026-03-23,2027-03-22,2022-04-13,542100.00,1029500.00,2022-04-13,first_spa_date,2022-01-01,Sakit,Berfasa,Jadual H,36 Bulan,2025-04-13,Ya,12 Bulan,48 Bulan,2026-04-13,No,,,1159,1159,1159,766,393,0,0,1159,66.091458,60.814735,,,891411600.00,769121.3114754098360655737705,821400.00,667900.000,837500.000,550516600.00,542109600.00,707714.8825065274151436031332,703900.00,542109600.00,340895000.00,98.472889,0.0,0,0,0,,,,100.0,100.0,100.0,0,,3,high,high,high,unavailable,Potential double-counted construction groups,3,high,,https://teduh.kpkt.gov.my/semakan-status-kemajuan,https://teduh.kpkt.gov.my/api/projek-swasta/4131-139,https://teduh.kpkt.gov.my/api/unit-projek-swasta/4131-139,2026-09-21,TEDUH frontend previous-day label; not an API timestamp,2026-09-22T20:16:42+08:00,1.5.2,"[{""jenis"":""Pangsapuri Servis"",""tingkat"":""33"",""bilik"":""2, 3"",""tandas"":""2"",""keluasan"":""0"",""unit"":329,""hargaMin"":""824,500.00"",""hargaMax"":""1,029,500.00"",""peratus"":""33.24"",""komponen"":""Lewat"",""ccc"":""-"",""vp"":""-""},{""jenis"":""Pangsapuri Servis"",""tingkat"":""33"",""bilik"":""2, 3"",""tandas"":""2"",""keluasan"":""0"",""unit"":329,""hargaMin"":""723,500.00"",""hargaMax"":""842,500.00"",""peratus"":""33.24"",""komponen"":""Sakit"",""ccc"":""-"",""vp"":""-""},{""jenis"":""Pangsapuri Servis"",""tingkat"":""42"",""bilik"":""2, 3"",""tandas"":""2"",""keluasan"":""0"",""unit"":501,""hargaMin"":""542,100.00"",""hargaMax"":""765,000.00"",""peratus"":""87.26"",""komponen"":""Sakit"",""ccc"":""-"",""vp"":""-""}]","[{""component_number"":1,""component_label"":""Component 1"",""source_component_id"":""50790"",""property_type"":""Pangsapuri Servis"",""total_units"":329,""sold_units"":100,""unsold_units"":229,""booked_or_reserved_units"":0,""unknown_sales_status_units"":0,""comparable_total_units"":329,""sales_percentage"":30.395137,""duplicate_unit_identifiers"":0,""confidence"":""high""},{""component_number"":2,""component_label"":""Component 2"",""source_component_id"":""50791"",""property_type"":""Pangsapuri Servis"",""total_units"":329,""sold_units"":209,""unsold_units"":120,""booked_or_reserved_units"":0,""unknown_sales_status_units"":0,""comparable_total_units"":329,""sales_percentage"":63.525836,""duplicate_unit_identifiers"":0,""confidence"":""high""},{""component_number"":3,""component_label"":""Component 3"",""source_component_id"":""50792"",""property_type"":""Pangsapuri Servis"",""total_units"":501,""sold_units"":457,""unsold_units"":44,""booked_or_reserved_units"":0,""unknown_sales_status_units"":0,""comparable_total_units"":501,""sales_percentage"":91.217565,""duplicate_unit_identifiers"":0,""confidence"":""high""}]","[{""source_component_id"":""50790"",""property_type"":""Pangsapuri Servis"",""quota_category"":""Non-Bumiputera"",""units"":229,""listed_value"":""215525500.00"",""minimum_listed_price"":""824500.00"",""maximum_listed_price"":""1029500.00"",""listed_price_coverage_percentage"":100.0},{""source_component_id"":""50791"",""property_type"":""Pangsapuri Servis"",""quota_category"":""Non-Bumiputera"",""units"":120,""listed_value"":""97477600.00"",""minimum_listed_price"":""723500.00"",""maximum_listed_price"":""842500.00"",""listed_price_coverage_percentage"":100.0},{""source_component_id"":""50792"",""property_type"":""Pangsapuri Servis"",""quota_category"":""Non-Bumiputera"",""units"":44,""listed_value"":""27891900.00"",""minimum_listed_price"":""543600.00"",""maximum_listed_price"":""765000.00"",""listed_price_coverage_percentage"":100.0}]","[{""no"":""4131-139/03-2026/0400(R)-(S)"",""mula"":""23 Mar 2025"",""tamat"":""22 Mar 2026"",""tempoh"":""12 bulan"",""is_latest"":false,""status"":""Tamat""},{""no"":""4131-139/03-2025/0333(R)-(S)"",""mula"":""23 Mar 2024"",""tamat"":""22 Mar 2025"",""tempoh"":""12 bulan"",""is_latest"":false,""status"":""Tamat""},{""no"":""4131-139/03-2024/0223(P)"",""mula"":""23 Mar 2022"",""tamat"":""22 Mar 2024"",""tempoh"":""24 bulan"",""is_latest"":false,""status"":""Tamat""}]"
Kuala Lumpur,Stellaris,IJM,comparator_set,,,,,,,Yes,initial_public_shortlist,2026-09-22,TEDUH,19221-3,Residensi Riana Dutamas 3,19221,368 SEGAMBUT SDN. BHD.,Aktif,3,19221/02-2028/0265(A),2023-02-22,2028-02-21,Wp Kuala Lumpur,Kuala Lumpur,"Kuala Lumpur, WP Kuala Lumpur",3.186402,101.665423,Wp Kuala Lumpur,Kuala Lumpur,19221-3/01-2028/0022(A)-(S),2025-01-08,2028-01-07,2025-06-23,698800.00,1270800.00,2025-06-23,first_spa_date,2022-01-01,Lancar,Berfasa,Jadual H,36 Bulan,2028-06-23,Ya,16 Bulan,52 Bulan,2029-10-23,No,,,1143,1143,1143,144,999,0,0,1143,12.598425,9.881083,,,968356400.00,847205.9492563429571303587052,817800.00,772800.000,884800.000,118674200.00,95684097.00,664472.8958333333333333333333,667300.00,95684097.00,849682200.00,80.627548,18.015247,28,26,2,92.857143,,,100.0,100.0,100.0,0,,2,high,high,high,unavailable,Potential double-counted construction groups,2,high,,https://teduh.kpkt.gov.my/semakan-status-kemajuan,https://teduh.kpkt.gov.my/api/projek-swasta/19221-3,https://teduh.kpkt.gov.my/api/unit-projek-swasta/19221-3,2026-09-21,TEDUH frontend previous-day label; not an API timestamp,2026-09-22T20:16:45+08:00,1.5.2,"[{""jenis"":""Pangsapuri Servis"",""tingkat"":""40"",""bilik"":""2, 3, 4"",""tandas"":""2, 3"",""keluasan"":""0"",""unit"":478,""hargaMin"":""742,800.00"",""hargaMax"":""1,270,800.00"",""peratus"":""20.00"",""komponen"":""Lancar"",""ccc"":""-"",""vp"":""-""},{""jenis"":""Pangsapuri Servis"",""tingkat"":""40"",""bilik"":""2, 3, 4"",""tandas"":""2, 3"",""keluasan"":""0"",""unit"":665,""hargaMin"":""698,800.00"",""hargaMax"":""1,127,800.00"",""peratus"":""20.00"",""komponen"":""Lancar"",""ccc"":""-"",""vp"":""-""}]","[{""component_number"":1,""component_label"":""Component 1"",""source_component_id"":""57274"",""property_type"":""Pangsapuri Servis"",""total_units"":478,""sold_units"":0,""unsold_units"":478,""booked_or_reserved_units"":0,""unknown_sales_status_units"":0,""comparable_total_units"":478,""sales_percentage"":0.0,""duplicate_unit_identifiers"":0,""confidence"":""high""},{""component_number"":2,""component_label"":""Component 2"",""source_component_id"":""57275"",""property_type"":""Pangsapuri Servis"",""total_units"":665,""sold_units"":144,""unsold_units"":521,""booked_or_reserved_units"":0,""unknown_sales_status_units"":0,""comparable_total_units"":665,""sales_percentage"":21.654135,""duplicate_unit_identifiers"":0,""confidence"":""high""}]","[{""source_component_id"":""57274"",""property_type"":""Pangsapuri Servis"",""quota_category"":""Non-Bumiputera"",""units"":478,""listed_value"":""428334400.00"",""minimum_listed_price"":""742800.00"",""maximum_listed_price"":""1270800.00"",""listed_price_coverage_percentage"":100.0},{""source_component_id"":""57275"",""property_type"":""Pangsapuri Servis"",""quota_category"":""Bumiputera"",""units"":2,""listed_value"":""1830600.00"",""minimum_listed_price"":""710800.00"",""maximum_listed_price"":""1119800.00"",""listed_price_coverage_percentage"":100.0},{""source_component_id"":""57275"",""property_type"":""Pangsapuri Servis"",""quota_category"":""Non-Bumiputera"",""units"":519,""listed_value"":""419517200.00"",""minimum_listed_price"":""698800.00"",""maximum_listed_price"":""1127800.00"",""listed_price_coverage_percentage"":100.0}]","[{""no"":""19221-3/01-2028/0022(A)-(S)"",""mula"":""08 Jan 2025"",""tamat"":""07 Jan 2028"",""tempoh"":""36 bulan"",""is_latest"":false,""status"":""Aktif""},{""no"":""19221-3/01-2028/0022(N)-(S)"",""mula"":""08 Jan 2025"",""tamat"":""07 Jan 2028"",""tempoh"":""36 bulan"",""is_latest"":false,""status"":""Tidak Aktif""}]"
Kuala Lumpur,Sunway Cochrane,Sunway,comparator_set,,,,,,,Yes,initial_public_shortlist,2026-09-22,TEDUH,8824-5,Residensi Sunway Cochrane,8824,SUNWAY COCHRANE SDN. BHD.,Aktif,5,8824/04-2032/0378(A),2006-04-28,2032-04-27,Wp Kuala Lumpur,Kuala Lumpur,"Kuala Lumpur, WP Kuala Lumpur",3.13233,101.724815,Wp Kuala Lumpur,Kuala Lumpur,8824-5/09-2028/0795(A)-(S),2025-09-30,2028-09-29,2025-11-19,948000.00,1725000.00,2025-11-19,first_spa_date,2022-01-01,Lancar,Berfasa,Jadual H,36 Bulan,2028-11-19,Ya,12 Bulan,48 Bulan,2029-11-19,No,,,1296,1296,1296,681,615,0,0,1296,52.546296,48.020748,32.546296,20.0,1676871000.00,1293881.944444444444444444444,1309000.00,1139750.0000,1413000.0000,936286000.00,805246000.00,1182446.402349486049926578561,1179000.00,805246000.00,740585000.00,86.004276,14.041096,10,10,0,100.0,1261940000.00,2183200000.00,100.0,100.0,100.0,0,1296,2,high,high,high,high,,2,high,,https://teduh.kpkt.gov.my/semakan-status-kemajuan,https://teduh.kpkt.gov.my/api/projek-swasta/8824-5,https://teduh.kpkt.gov.my/api/unit-projek-swasta/8824-5,2026-09-21,TEDUH frontend previous-day label; not an API timestamp,2026-09-22T20:16:48+08:00,1.5.2,"[{""jenis"":""Pangsapuri Servis"",""tingkat"":""54"",""bilik"":""2, 3"",""tandas"":""1, 2"",""keluasan"":""0"",""unit"":641,""hargaMin"":""1,000,000.00"",""hargaMax"":""1,725,000.00"",""peratus"":""20.00"",""komponen"":""Lancar"",""ccc"":""-"",""vp"":""-""},{""jenis"":""Pangsapuri Servis"",""tingkat"":""55"",""bilik"":""1, 2, 3"",""tandas"":""1, 2"",""keluasan"":""0"",""unit"":655,""hargaMin"":""948,000.00"",""hargaMax"":""1,645,000.00"",""peratus"":""20.00"",""komponen"":""Lancar"",""ccc"":""-"",""vp"":""-""}]","[{""component_number"":1,""component_label"":""Component 1"",""source_component_id"":""58684"",""property_type"":""Pangsapuri Servis"",""total_units"":641,""sold_units"":214,""unsold_units"":427,""booked_or_reserved_units"":0,""unknown_sales_status_units"":0,""comparable_total_units"":641,""sales_percentage"":33.385335,""duplicate_unit_identifiers"":0,""confidence"":""high""},{""component_number"":2,""component_label"":""Component 2"",""source_component_id"":""58685"",""property_type"":""Pangsapuri Servis"",""total_units"":655,""sold_units"":467,""unsold_units"":188,""booked_or_reserved_units"":0,""unknown_sales_status_units"":0,""comparable_total_units"":655,""sales_percentage"":71.29771,""duplicate_unit_identifiers"":0,""confidence"":""high""}]","[{""source_component_id"":""58684"",""property_type"":""Pangsapuri Servis"",""quota_category"":""Non-Bumiputera"",""units"":427,""listed_value"":""534868000.00"",""minimum_listed_price"":""1000000.00"",""maximum_listed_price"":""1725000.00"",""listed_price_coverage_percentage"":100.0},{""source_component_id"":""58685"",""property_type"":""Pangsapuri Servis"",""quota_category"":""Non-Bumiputera"",""units"":188,""listed_value"":""205717000.00"",""minimum_listed_price"":""948000.00"",""maximum_listed_price"":""1372000.00"",""listed_price_coverage_percentage"":100.0}]","[{""no"":""8824-5/09-2028/0795(A)-(S)"",""mula"":""30 Sep 2025"",""tamat"":""29 Sep 2028"",""tempoh"":""36 bulan"",""is_latest"":false,""status"":""Aktif""},{""no"":""8824-5/09-2028/0795(N)-(S)"",""mula"":""30 Sep 2025"",""tamat"":""29 Sep 2028"",""tempoh"":""36 bulan"",""is_latest"":false,""status"":""Tidak Aktif""}]"
Kuala Lumpur,Sunway Velocity 3,Sunway,comparator_set,,,,,,,Yes,initial_public_shortlist,2026-09-22,TEDUH,30685-1,Sunway Velocity 3,30685,SUNWAY VELOCITY THREE SDN. BHD.,Aktif,2,30685/01-2029/0027(A),2024-01-24,2029-01-23,Wp Kuala Lumpur,Kuala Lumpur,"Kuala Lumpur, WP Kuala Lumpur",3.129543,101.72749,Wp Kuala Lumpur,Kuala Lumpur,30685-1/04-2027/0328(A)-(S),2024-04-19,2027-04-18,2024-05-24,761000.00,1279000.00,2024-05-24,first_spa_date,2022-01-01,Lancar,Berfasa,Jadual H,36 Bulan,2027-05-24,Ya,12 Bulan,48 Bulan,2028-05-24,No,,,1604,1604,1604,1537,67,0,0,1604,95.822943,83.477862,56.072993,39.74995,1544098000.00,962654.6134663341645885286783,983000.00,800000.0000,1057250.0000,1490233000.00,1288980000.00,838633.7020169160702667534157,818000.00,1288980000.00,53865000.00,86.495199,15.189873,33,33,0,100.0,1234112000.00,2023684000.00,100.0,100.0,100.0,0,1604,2,high,high,high,high,,2,high,,https://teduh.kpkt.gov.my/semakan-status-kemajuan,https://teduh.kpkt.gov.my/api/projek-swasta/30685-1,https://teduh.kpkt.gov.my/api/unit-projek-swasta/30685-1,2026-09-21,TEDUH frontend previous-day label; not an API timestamp,2026-09-22T20:16:51+08:00,1.5.2,"[{""jenis"":""Pangsapuri Servis"",""tingkat"":""52"",""bilik"":""2, 3, 4, 23"",""tandas"":""2, 3, 4"",""keluasan"":""0"",""unit"":1036,""hargaMin"":""774,000.00"",""hargaMax"":""1,279,000.00"",""peratus"":""42.25"",""komponen"":""Lancar"",""ccc"":""-"",""vp"":""-""},{""jenis"":""Pangsapuri Servis"",""tingkat"":""52"",""bilik"":""2, 3, 4"",""tandas"":""2, 3"",""keluasan"":""0"",""unit"":568,""hargaMin"":""761,000.00"",""hargaMax"":""1,230,000.00"",""peratus"":""35.19"",""komponen"":""Lancar"",""ccc"":""-"",""vp"":""-""}]","[{""component_number"":1,""component_label"":""Component 1"",""source_component_id"":""55521"",""property_type"":""Pangsapuri Servis"",""total_units"":1036,""sold_units"":969,""unsold_units"":67,""booked_or_reserved_units"":0,""unknown_sales_status_units"":0,""comparable_total_units"":1036,""sales_percentage"":93.532819,""duplicate_unit_identifiers"":0,""confidence"":""high""},{""component_number"":2,""component_label"":""Component 2"",""source_component_id"":""55522"",""property_type"":""Pangsapuri Servis"",""total_units"":568,""sold_units"":568,""unsold_units"":0,""booked_or_reserved_units"":0,""unknown_sales_status_units"":0,""comparable_total_units"":568,""sales_percentage"":100.0,""duplicate_unit_identifiers"":0,""confidence"":""high""}]","[{""source_component_id"":""55521"",""property_type"":""Pangsapuri Servis"",""quota_category"":""Non-Bumiputera"",""units"":67,""listed_value"":""53865000.00"",""minimum_listed_price"":""785000.00"",""maximum_listed_price"":""822000.00"",""listed_price_coverage_percentage"":100.0}]","[{""no"":""30685-1/04-2027/0328(A)-(S)"",""mula"":""19 Apr 2024"",""tamat"":""18 Apr 2027"",""tempoh"":""36 bulan"",""is_latest"":false,""status"":""Aktif""},{""no"":""30685-1/04-2027/0328(N)-(S)"",""mula"":""19 Apr 2024"",""tamat"":""18 Apr 2027"",""tempoh"":""36 bulan"",""is_latest"":false,""status"":""Tidak Aktif""}]"
Kuala Lumpur,SWNK,,reporting_set,,,,,,,Yes,manual,2026-09-22,TEDUH,14510-2,Residensi Swnk Houze,14510,BBCC DEVELOPMENT SDN. BHD.,Aktif,2,14510/03-2029/0201(A),2024-03-15,2029-03-14,Wp Kuala Lumpur,Kuala Lumpur,"Kuala Lumpur, WP Kuala Lumpur",3.140352,101.706297,Wp Kuala Lumpur,Kuala Lumpur,14510-2/03-2026/0207(A)-(S),2025-03-15,2026-03-14,2022-12-03,805200.00,2482800.00,2022-12-03,first_spa_date,2022-01-01,Siap Dengan CCC,Berfasa,Jadual H,36 Bulan,2025-12-03,Ya,12 Bulan,48 Bulan,2026-12-03,Yes,2026-02-23,2026-03-31,442,442,442,365,77,0,0,442,82.579186,82.545321,-17.420814,100.0,546192000.00,1235728.506787330316742081448,1330800.00,1054800.0000,1437600.0000,472278000.00,450855940.00,1235221.753424657534246575342,1290000.00,450855940.00,73914000.00,95.4641,0.0,1,1,0,100.0,355898400.00,1097397600.00,100.0,100.0,100.0,0,442,1,high,high,high,high,,1,high,,https://teduh.kpkt.gov.my/semakan-status-kemajuan,https://teduh.kpkt.gov.my/api/projek-swasta/14510-2,https://teduh.kpkt.gov.my/api/unit-projek-swasta/14510-2,2026-09-21,TEDUH frontend previous-day label; not an API timestamp,2026-09-22T20:16:53+08:00,1.5.2,"[{""jenis"":""Pangsapuri Servis"",""tingkat"":""31"",""bilik"":""1, 2, 3"",""tandas"":""1, 2, 3"",""keluasan"":""0"",""unit"":442,""hargaMin"":""805,200.00"",""hargaMax"":""2,482,800.00"",""peratus"":""100.00"",""komponen"":""Siap Dengan CCC"",""ccc"":""23/02/2026"",""vp"":""31/03/2026""}]","[{""component_number"":1,""component_label"":""Component 1"",""source_component_id"":""50977"",""property_type"":""Pangsapuri Servis"",""total_units"":442,""sold_units"":365,""unsold_units"":77,""booked_or_reserved_units"":0,""unknown_sales_status_units"":0,""comparable_total_units"":442,""sales_percentage"":82.579186,""duplicate_unit_identifiers"":0,""confidence"":""high""}]","[{""source_component_id"":""50977"",""property_type"":""Pangsapuri Servis"",""quota_category"":""Non-Bumiputera"",""units"":77,""listed_value"":""73914000.00"",""minimum_listed_price"":""812400.00"",""maximum_listed_price"":""1545600.00"",""listed_price_coverage_percentage"":100.0}]","[{""no"":""14510-2/03-2026/0207(R)-(S)"",""mula"":""15 Mar 2025"",""tamat"":""14 Mar 2026"",""tempoh"":""12 bulan"",""is_latest"":false,""status"":""Tamat""},{""no"":""14510-2/03-2025/0308(R)-(S)"",""mula"":""15 Mar 2024"",""tamat"":""14 Mar 2025"",""tempoh"":""12 bulan"",""is_latest"":false,""status"":""Tamat""},{""no"":""14510-2/03-2024/0214(A)-(S)"",""mula"":""15 Mar 2022"",""tamat"":""14 Mar 2024"",""tempoh"":""24 bulan"",""is_latest"":false,""status"":""Tamat""},{""no"":""14510-2/03-2024/0214(P)"",""mula"":""15 Mar 2022"",""tamat"":""14 Mar 2024"",""tempoh"":""24 bulan"",""is_latest"":false,""status"":""Tamat""}]"
Kuala Lumpur,Tangen Residence,ENG HAN BINA SDN BHD,comparator_set,,,,,,,Yes,initial_public_shortlist,2026-09-22,TEDUH,30349-1,Residensi Tangen,30349,ANGKASA ARMADA SDN. BHD.,Aktif,1,30349/01-2028/0026(N),2023-01-17,2028-01-16,Wp Kuala Lumpur,Kuala Lumpur,"Kuala Lumpur, WP Kuala Lumpur",3.18343,101.649463,Wp Kuala Lumpur,Kuala Lumpur,30349-1/06-2027/0541(R)-(S),2026-06-28,2027-06-27,2023-10-16,659000.00,1249000.00,2023-10-16,first_spa_date,2022-01-01,Lancar,Berfasa,Jadual H,36 Bulan,2026-10-16,Ya,12 Bulan,48 Bulan,2027-10-16,No,,,413,413,413,353,60,0,0,413,85.472155,82.153879,20.202155,65.27,368542000.00,892353.5108958837772397094431,877000.00,737000.00,1035000.00,309805000.00,302771550.00,857709.7733711048158640226629,864000.00,302771550.00,58737000.00,97.729717,0.0,3,3,0,100.0,272167000.00,515837000.00,100.0,100.0,100.0,0,413,1,high,high,high,high,,1,high,,https://teduh.kpkt.gov.my/semakan-status-kemajuan,https://teduh.kpkt.gov.my/api/projek-swasta/30349-1,https://teduh.kpkt.gov.my/api/unit-projek-swasta/30349-1,2026-09-21,TEDUH frontend previous-day label; not an API timestamp,2026-09-22T20:16:56+08:00,1.5.2,"[{""jenis"":""Rumah Pangsa/Kondo"",""tingkat"":""49"",""bilik"":""3, 4"",""tandas"":""2, 3, 4"",""keluasan"":""0"",""unit"":413,""hargaMin"":""659,000.00"",""hargaMax"":""1,249,000.00"",""peratus"":""65.27"",""komponen"":""Lancar"",""ccc"":""-"",""vp"":""-""}]","[{""component_number"":1,""component_label"":""Component 1"",""source_component_id"":""53525"",""property_type"":""Rumah Pangsa/Kondo"",""total_units"":413,""sold_units"":353,""unsold_units"":60,""booked_or_reserved_units"":0,""unknown_sales_status_units"":0,""comparable_total_units"":413,""sales_percentage"":85.472155,""duplicate_unit_identifiers"":0,""confidence"":""high""}]","[{""source_component_id"":""53525"",""property_type"":""Rumah Pangsa/Kondo"",""quota_category"":""Non-Bumiputera"",""units"":60,""listed_value"":""58737000.00"",""minimum_listed_price"":""737000.00"",""maximum_listed_price"":""1232000.00"",""listed_price_coverage_percentage"":100.0}]","[{""no"":""30349-1/06-2026/0758(A)-(S)"",""mula"":""28 Jun 2023"",""tamat"":""27 Jun 2026"",""tempoh"":""36 bulan"",""is_latest"":false,""status"":""Tamat""},{""no"":""30349-1/06-2026/0758(N)-(S)"",""mula"":""28 Jun 2023"",""tamat"":""27 Jun 2026"",""tempoh"":""36 bulan"",""is_latest"":false,""status"":""Tamat""}]"
Kuala Lumpur,The Reya KL,Sime Darby,comparator_set,,,,,,,Yes,initial_public_shortlist,2026-09-22,TEDUH,597-14,Residensi Dian,597,SIME DARBY PROPERTY (KL EAST) SDN. BHD.,Aktif,15,597/10-2031/0447(R),2026-10-14,2031-10-13,Wp Kuala Lumpur,Kuala Lumpur,"Kuala Lumpur, WP Kuala Lumpur",3.22555,101.73239,Wp Kuala Lumpur,Kuala Lumpur,597-14/09-2027/0872(A)-(S),2024-09-25,2027-09-24,2024-11-16,1089050.00,1988350.00,2024-11-16,first_spa_date,2022-01-01,Lancar,Berfasa,Jadual H,36 Bulan,2027-11-16,Ya,20 Bulan,56 Bulan,2029-07-16,No,,,480,480,480,333,147,0,0,480,69.375,60.88509,49.375,20.0,658962650.00,1372838.854166666666666666667,1271900.00,1183350.0000,1504200.0000,461017750.00,401210000.00,1204834.834834834834834834835,1123000.00,401210000.00,197944900.00,87.027018,12.973857,2,2,0,100.0,522744000.00,954408000.00,100.0,100.0,100.0,0,480,1,high,high,high,high,,1,high,,https://teduh.kpkt.gov.my/semakan-status-kemajuan,https://teduh.kpkt.gov.my/api/projek-swasta/597-14,https://teduh.kpkt.gov.my/api/unit-projek-swasta/597-14,2026-09-21,TEDUH frontend previous-day label; not an API timestamp,2026-09-22T20:16:59+08:00,1.5.2,"[{""jenis"":""Rumah Pangsa/Kondo"",""tingkat"":""32"",""bilik"":""2, 3, 4, 5"",""tandas"":""2, 3, 4, 5"",""keluasan"":""0"",""unit"":480,""hargaMin"":""1,089,050.00"",""hargaMax"":""1,988,350.00"",""peratus"":""20.00"",""komponen"":""Lancar"",""ccc"":""-"",""vp"":""-""}]","[{""component_number"":1,""component_label"":""Component 1"",""source_component_id"":""56651"",""property_type"":""Rumah Pangsa/Kondo"",""total_units"":480,""sold_units"":333,""unsold_units"":147,""booked_or_reserved_units"":0,""unknown_sales_status_units"":0,""comparable_total_units"":480,""sales_percentage"":69.375,""duplicate_unit_identifiers"":0,""confidence"":""high""}]","[{""source_component_id"":""56651"",""property_type"":""Rumah Pangsa/Kondo"",""quota_category"":""Non-Bumiputera"",""units"":147,""listed_value"":""197944900.00"",""minimum_listed_price"":""1116650.00"",""maximum_listed_price"":""1980300.00"",""listed_price_coverage_percentage"":100.0}]","[{""no"":""597-14/09-2027/0872(A)-(S)"",""mula"":""25 Sep 2024"",""tamat"":""24 Sep 2027"",""tempoh"":""36 bulan"",""is_latest"":false,""status"":""Aktif""},{""no"":""597-14/09-2027/0872(N)-(S)"",""mula"":""25 Sep 2024"",""tamat"":""24 Sep 2027"",""tempoh"":""36 bulan"",""is_latest"":false,""status"":""Tidak Aktif""}]"
Kuala Lumpur,The Skies,,comparator_set,,,,,,,Yes,initial_public_shortlist,2026-09-22,TEDUH,8406-3,Residensi Cakerawala (the Skies),8406,WARISAN TRADISI SDN. BHD.,Aktif,3,8406/01-2030/0454(R),2025-01-26,2030-01-25,Wp Kuala Lumpur,Kuala Lumpur,"Kuala Lumpur, WP Kuala Lumpur",3.127343,101.722316,Wp Kuala Lumpur,Kuala Lumpur,8406-3/03-2028/0196(A)-(S),2025-03-11,2028-03-10,2025-05-02,588000.00,1001000.00,2025-05-02,first_spa_date,2022-01-01,Lancar,Berfasa,Jadual H,36 Bulan,2028-05-02,Ya,16 Bulan,52 Bulan,2029-09-02,No,,,303,303,303,263,40,0,0,303,86.79868,67.753208,64.56868,22.23,242548000.00,800488.4488448844884488448845,835000.00,609000.000,1001000.000,203525000.00,164334050.00,624844.2965779467680608365019,597000.00,164334050.00,39023000.00,80.743914,15.091211,2,2,0,100.0,178164000.00,303303000.00,100.0,100.0,100.0,0,303,1,high,high,high,high,,1,high,,https://teduh.kpkt.gov.my/semakan-status-kemajuan,https://teduh.kpkt.gov.my/api/projek-swasta/8406-3,https://teduh.kpkt.gov.my/api/unit-projek-swasta/8406-3,2026-09-21,TEDUH frontend previous-day label; not an API timestamp,2026-09-22T20:17:01+08:00,1.5.2,"[{""jenis"":""Pangsapuri Servis"",""tingkat"":""42"",""bilik"":""2, 3"",""tandas"":""2"",""keluasan"":""0"",""unit"":303,""hargaMin"":""588,000.00"",""hargaMax"":""1,001,000.00"",""peratus"":""22.23"",""komponen"":""Lancar"",""ccc"":""-"",""vp"":""-""}]","[{""component_number"":1,""component_label"":""Component 1"",""source_component_id"":""57589"",""property_type"":""Pangsapuri Servis"",""total_units"":303,""sold_units"":263,""unsold_units"":40,""booked_or_reserved_units"":0,""unknown_sales_status_units"":0,""comparable_total_units"":303,""sales_percentage"":86.79868,""duplicate_unit_identifiers"":0,""confidence"":""high""}]","[{""source_component_id"":""57589"",""property_type"":""Pangsapuri Servis"",""quota_category"":""Non-Bumiputera"",""units"":40,""listed_value"":""39023000.00"",""minimum_listed_price"":""606000.00"",""maximum_listed_price"":""1001000.00"",""listed_price_coverage_percentage"":100.0}]","[{""no"":""8406-3/03-2028/0196(A)-(S)"",""mula"":""11 Mar 2025"",""tamat"":""10 Mar 2028"",""tempoh"":""36 bulan"",""is_latest"":false,""status"":""Aktif""},{""no"":""8406-3/03-2028/0196(N)-(S)"",""mula"":""11 Mar 2025"",""tamat"":""10 Mar 2028"",""tempoh"":""36 bulan"",""is_latest"":false,""status"":""Tidak Aktif""}]"
Kuala Lumpur,Tuan Heritage 3,CPILAND SDN BHD,comparator_set,,,,,,,Yes,initial_public_shortlist,2026-09-22,TEDUH,30769-1,Residensi Warisan Segambut,30769,TNJ DEVELOPMENT SDN. BHD.,Aktif,1,30769/05-2029/0111(A),2024-05-24,2029-05-23,Wp Kuala Lumpur,Kuala Lumpur,"Kuala Lumpur, WP Kuala Lumpur",3.187494,101.666806,Wp Kuala Lumpur,Kuala Lumpur,30769-1/08-2027/0771(N)-(S),2024-08-27,2027-08-26,2024-09-02,568300.00,686700.00,2024-09-02,first_spa_date,2022-01-01,Lancar,Berfasa,Jadual H,36 Bulan,2027-09-02,Ya,12 Bulan,48 Bulan,2028-09-02,No,,,1269,1269,1269,1267,2,0,0,1269,99.842396,90.5852,66.292396,33.55,744637200.00,586790.5437352245862884160757,581000.00,574400.00,596300.00,743400100.00,674531100.00,532384.4514601420678768745067,527400.00,674531100.00,1237100.00,90.735944,10.003516,534,534,0,100.0,721172700.00,871422300.00,100.0,100.0,100.0,0,1269,1,high,high,high,high,,1,high,,https://teduh.kpkt.gov.my/semakan-status-kemajuan,https://teduh.kpkt.gov.my/api/projek-swasta/30769-1,https://teduh.kpkt.gov.my/api/unit-projek-swasta/30769-1,2026-09-21,TEDUH frontend previous-day label; not an API timestamp,2026-09-22T20:17:04+08:00,1.5.2,"[{""jenis"":""Pangsapuri Suite"",""tingkat"":""45"",""bilik"":""2, 3"",""tandas"":""2, 3"",""keluasan"":""0"",""unit"":1269,""hargaMin"":""568,300.00"",""hargaMax"":""686,700.00"",""peratus"":""33.55"",""komponen"":""Lancar"",""ccc"":""-"",""vp"":""-""}]","[{""component_number"":1,""component_label"":""Component 1"",""source_component_id"":""56434"",""property_type"":""Pangsapuri Suite"",""total_units"":1269,""sold_units"":1267,""unsold_units"":2,""booked_or_reserved_units"":0,""unknown_sales_status_units"":0,""comparable_total_units"":1269,""sales_percentage"":99.842396,""duplicate_unit_identifiers"":0,""confidence"":""high""}]","[{""source_component_id"":""56434"",""property_type"":""Pangsapuri Suite"",""quota_category"":""Non-Bumiputera"",""units"":2,""listed_value"":""1237100.00"",""minimum_listed_price"":""612400.00"",""maximum_listed_price"":""624700.00"",""listed_price_coverage_percentage"":100.0}]",[]
Kuala Lumpur,Tuju Residence,Eccaz Sdn Bhd,comparator_set,,,,,,,Yes,initial_public_shortlist,2026-09-22,TEDUH,30513-1,Residensi Tuju,30513,DISTINCTIVE WORLD SDN. BHD.,Aktif,1,30513/07-2028/0190(A),2023-07-21,2028-07-20,Wp Kuala Lumpur,Kuala Lumpur,"Kuala Lumpur, WP Kuala Lumpur",3.188445,101.670894,Wp Kuala Lumpur,Kuala Lumpur,30513-1/12-2026/1310(A)-(S),2023-12-10,2026-12-09,2024-03-03,440960.00,1252840.00,2024-03-03,first_spa_date,2022-01-01,Lancar,Berfasa,Jadual H,36 Bulan,2027-03-03,Ya,18 Bulan,54 Bulan,2028-09-03,No,,,932,932,932,482,450,0,0,932,51.716738,45.077097,,,766228080.00,822133.1330472103004291845494,772830.00,682997.5000,1026750.0000,384537000.00,345393374.00,716583.7634854771784232365145,673170.00,345393374.00,381691080.00,89.820583,9.371981,132,132,0,100.0,,,100.0,100.0,100.0,0,,2,high,high,high,unavailable,Potential double-counted construction groups,2,high,,https://teduh.kpkt.gov.my/semakan-status-kemajuan,https://teduh.kpkt.gov.my/api/projek-swasta/30513-1,https://teduh.kpkt.gov.my/api/unit-projek-swasta/30513-1,2026-09-21,TEDUH frontend previous-day label; not an API timestamp,2026-09-22T20:17:07+08:00,1.5.2,"[{""jenis"":""Pangsapuri Servis"",""tingkat"":""41"",""bilik"":""1, 2, 3, 4"",""tandas"":""1, 2, 3"",""keluasan"":""0"",""unit"":466,""hargaMin"":""501,640.00"",""hargaMax"":""1,252,840.00"",""peratus"":""49.90"",""komponen"":""Lancar"",""ccc"":""-"",""vp"":""-""},{""jenis"":""Pangsapuri Servis"",""tingkat"":""41"",""bilik"":""1, 2, 3, 4"",""tandas"":""1, 2, 3"",""keluasan"":""0"",""unit"":466,""hargaMin"":""440,960.00"",""hargaMax"":""1,186,690.00"",""peratus"":""49.90"",""komponen"":""Lancar"",""ccc"":""-"",""vp"":""-""}]","[{""component_number"":1,""component_label"":""Component 1"",""source_component_id"":""54690"",""property_type"":""Pangsapuri Servis"",""total_units"":466,""sold_units"":195,""unsold_units"":271,""booked_or_reserved_units"":0,""unknown_sales_status_units"":0,""comparable_total_units"":466,""sales_percentage"":41.845494,""duplicate_unit_identifiers"":0,""confidence"":""high""},{""component_number"":2,""component_label"":""Component 2"",""source_component_id"":""54691"",""property_type"":""Pangsapuri Servis"",""total_units"":466,""sold_units"":287,""unsold_units"":179,""booked_or_reserved_units"":0,""unknown_sales_status_units"":0,""comparable_total_units"":466,""sales_percentage"":61.587983,""duplicate_unit_identifiers"":0,""confidence"":""high""}]","[{""source_component_id"":""54690"",""property_type"":""Pangsapuri Servis"",""quota_category"":""Non-Bumiputera"",""units"":271,""listed_value"":""235184240.00"",""minimum_listed_price"":""545700.00"",""maximum_listed_price"":""1244670.00"",""listed_price_coverage_percentage"":100.0},{""source_component_id"":""54691"",""property_type"":""Pangsapuri Servis"",""quota_category"":""Non-Bumiputera"",""units"":179,""listed_value"":""146506840.00"",""minimum_listed_price"":""515290.00"",""maximum_listed_price"":""1186690.00"",""listed_price_coverage_percentage"":100.0}]","[{""no"":""30513-1/12-2026/1310(A)-(S)"",""mula"":""10 Dec 2023"",""tamat"":""09 Dec 2026"",""tempoh"":""36 bulan"",""is_latest"":false,""status"":""Aktif""},{""no"":""30513-1/12-2026/1310(N)-(S)"",""mula"":""10 Dec 2023"",""tamat"":""09 Dec 2026"",""tempoh"":""36 bulan"",""is_latest"":false,""status"":""Tidak Aktif""}]"
Kuala Lumpur,Vila Setara,,comparator_set,,,,,,,Yes,initial_public_shortlist,2026-09-22,TEDUH,30648-1,Vila Setara,30648,PEMBANGUNAN JUJUR SEJIWA SDN. BHD.,Aktif,1,30648/12-2028/0323(N),2023-12-22,2028-12-21,Wp Kuala Lumpur,Kuala Lumpur,"Kuala Lumpur, WP Kuala Lumpur",3.077057,101.687787,Wp Kuala Lumpur,Kuala Lumpur,30648-1/03-2027/0140(R)-(L),2026-03-18,2027-03-17,2024-08-12,2606080.00,5167800.00,2024-08-12,first_spa_date,2022-01-01,Sakit,Berfasa,Jadual G,24 Bulan,2026-08-12,Tidak,,,,No,,,63,63,63,43,20,0,0,63,68.253968,71.092627,-24.246032,92.5,180305560.00,2861993.015873015873015873016,2606080.00,2606080.000,2606080.000,128183960.00,128183960.00,2981022.325581395348837209302,2606080.00,128183960.00,52121600.00,100.0,0.0,8,0,8,0.0,164183040.00,325571400.00,100.0,100.0,100.0,0,63,1,high,high,high,high,,1,high,,https://teduh.kpkt.gov.my/semakan-status-kemajuan,https://teduh.kpkt.gov.my/api/projek-swasta/30648-1,https://teduh.kpkt.gov.my/api/unit-projek-swasta/30648-1,2026-09-21,TEDUH frontend previous-day label; not an API timestamp,2026-09-22T20:17:09+08:00,1.5.2,"[{""jenis"":""Rumah Teres"",""tingkat"":""3"",""bilik"":""6"",""tandas"":""6"",""keluasan"":""393 - 520"",""unit"":63,""hargaMin"":""2,606,080.00"",""hargaMax"":""5,167,800.00"",""peratus"":""92.50"",""komponen"":""Sakit"",""ccc"":""-"",""vp"":""-""}]","[{""component_number"":1,""component_label"":""Component 1"",""source_component_id"":""55341"",""property_type"":""Rumah Teres"",""total_units"":63,""sold_units"":43,""unsold_units"":20,""booked_or_reserved_units"":0,""unknown_sales_status_units"":0,""comparable_total_units"":63,""sales_percentage"":68.253968,""duplicate_unit_identifiers"":0,""confidence"":""high""}]","[{""source_component_id"":""55341"",""property_type"":""Rumah Teres"",""quota_category"":""Bumiputera"",""units"":8,""listed_value"":""20848640.00"",""minimum_listed_price"":""2606080.00"",""maximum_listed_price"":""2606080.00"",""listed_price_coverage_percentage"":100.0},{""source_component_id"":""55341"",""property_type"":""Rumah Teres"",""quota_category"":""Non-Bumiputera"",""units"":12,""listed_value"":""31272960.00"",""minimum_listed_price"":""2606080.00"",""maximum_listed_price"":""2606080.00"",""listed_price_coverage_percentage"":100.0}]","[{""no"":""30648-1/03-2026/0248(A)-(L)"",""mula"":""18 Mar 2024"",""tamat"":""17 Mar 2026"",""tempoh"":""24 bulan"",""is_latest"":false,""status"":""Tamat""},{""no"":""30648-1/03-2026/0248(N)-(L)"",""mula"":""18 Mar 2024"",""tamat"":""17 Mar 2026"",""tempoh"":""24 bulan"",""is_latest"":false,""status"":""Tamat""}]"
Penang,Eden at Botanica CT,MTT Group,reporting_set,,,,,,,Yes,user_reporting_set,2026-09-22,TEDUH,30555-1,Eden At Botanica Ct,30555,EDEN AT BOTANICA CT SDN. BHD.,Aktif,1,30555/09-2028/0232(A),2023-09-06,2028-09-05,Pulau Pinang,Daerah Barat Daya,"Daerah Barat Daya, Pulau Pinang",5.350316,100.23495,Pulau Pinang,Daerah Barat Daya,30555-1/06-2027/0597(N)-(S),2024-07-01,2027-06-30,2024-07-19,491900.00,1043900.00,2024-07-19,first_spa_date,2022-01-01,Lewat,Berfasa,Jadual H,36 Bulan,2027-07-19,Tidak,,,,No,,,350,350,350,102,248,0,0,350,29.142857,28.0755,-0.797143,29.94,239418000.00,684051.4285714285714285714286,684900.00,621150.0000,734400.0000,69434800.00,67217800.00,658998.0392156862745098039216,637900.00,67217800.00,169983200.00,96.807077,0.0,104,2,102,1.923077,172165000.00,365365000.00,100.0,100.0,100.0,0,350,1,high,high,high,high,,1,high,,https://teduh.kpkt.gov.my/semakan-status-kemajuan,https://teduh.kpkt.gov.my/api/projek-swasta/30555-1,https://teduh.kpkt.gov.my/api/unit-projek-swasta/30555-1,2026-09-21,TEDUH frontend previous-day label; not an API timestamp,2026-09-22T20:17:21+08:00,1.5.2,"[{""jenis"":""Rumah Pangsa/Kondo"",""tingkat"":""16"",""bilik"":""1, 2, 3"",""tandas"":""1, 2"",""keluasan"":""0"",""unit"":350,""hargaMin"":""491,900.00"",""hargaMax"":""1,043,900.00"",""peratus"":""29.94"",""komponen"":""Lewat"",""ccc"":""-"",""vp"":""-""}]","[{""component_number"":1,""component_label"":""Component 1"",""source_component_id"":""56043"",""property_type"":""Rumah Pangsa/Kondo"",""total_units"":350,""sold_units"":102,""unsold_units"":248,""booked_or_reserved_units"":0,""unknown_sales_status_units"":0,""comparable_total_units"":350,""sales_percentage"":29.142857,""duplicate_unit_identifiers"":0,""confidence"":""high""}]","[{""source_component_id"":""56043"",""property_type"":""Rumah Pangsa/Kondo"",""quota_category"":""Bumiputera"",""units"":102,""listed_value"":""69681800.00"",""minimum_listed_price"":""511900.00"",""maximum_listed_price"":""913900.00"",""listed_price_coverage_percentage"":100.0},{""source_component_id"":""56043"",""property_type"":""Rumah Pangsa/Kondo"",""quota_category"":""Non-Bumiputera"",""units"":146,""listed_value"":""100301400.00"",""minimum_listed_price"":""499900.00"",""maximum_listed_price"":""1038900.00"",""listed_price_coverage_percentage"":100.0}]",[]
Penang,Ideal Venice Residency,Ideal Group,general,,,,,,,Yes,manual,2026-09-22,TEDUH,20091-2,Ideal Venice Residency,20091,IDEAL CAPITAL VENTURE SDN. BHD.,Aktif,2,20091/12-2028/1493(A),2023-12-30,2028-12-29,Pulau Pinang,Daerah Timor Laut,"Daerah Timor Laut, Pulau Pinang",5.372982,100.304764,Pulau Pinang,Daerah Timor Laut,20091-2/12-2026/0037(R)-(S),2025-12-30,2026-12-29,2022-11-09,300000.00,550000.00,2022-11-09,first_spa_date,2022-01-01,Siap Dengan CCC,Berfasa,Jadual H,36 Bulan,2025-11-09,Ya,18 Bulan,54 Bulan,2027-05-09,Yes,2025-12-24,2026-01-06,1632,1632,1632,1506,126,0,0,1632,92.279412,90.28189,,,748708000.00,458767.1568627450980392156863,488000.00,428000.0000,488000.0000,700528000.00,675947730.00,448836.4741035856573705179283,473000.00,675947730.00,48180000.00,96.49118,3.07377,0,0,0,,,,100.0,100.0,100.0,0,,4,high,high,high,unavailable,Potential double-counted construction groups,4,high,,https://teduh.kpkt.gov.my/semakan-status-kemajuan,https://teduh.kpkt.gov.my/api/projek-swasta/20091-2,https://teduh.kpkt.gov.my/api/unit-projek-swasta/20091-2,2026-09-21,TEDUH frontend previous-day label; not an API timestamp,2026-09-22T20:17:18+08:00,1.5.2,"[{""jenis"":""Rumah Pangsa/Kondo"",""tingkat"":""46"",""bilik"":""3"",""tandas"":""2"",""keluasan"":""0"",""unit"":250,""hargaMin"":""300,000.00"",""hargaMax"":""428,000.00"",""peratus"":""100.00"",""komponen"":""Siap Dengan CCC"",""ccc"":""24/12/2025"",""vp"":""06/01/2026""},{""jenis"":""Rumah Pangsa/Kondo"",""tingkat"":""46"",""bilik"":""3"",""tandas"":""2"",""keluasan"":""0"",""unit"":566,""hargaMin"":""488,000.00"",""hargaMax"":""550,000.00"",""peratus"":""100.00"",""komponen"":""Siap Dengan CCC"",""ccc"":""24/12/2025"",""vp"":""06/01/2026""},{""jenis"":""Rumah Pangsa/Kondo"",""tingkat"":""46"",""bilik"":""3"",""tandas"":""2"",""keluasan"":""0"",""unit"":250,""hargaMin"":""300,000.00"",""hargaMax"":""428,000.00"",""peratus"":""100.00"",""komponen"":""Siap Dengan CCC"",""ccc"":""24/12/2025"",""vp"":""06/01/2026""},{""jenis"":""Rumah Pangsa/Kondo"",""tingkat"":""46"",""bilik"":""3"",""tandas"":""2"",""keluasan"":""0"",""unit"":566,""hargaMin"":""488,000.00"",""hargaMax"":""550,000.00"",""peratus"":""100.00"",""komponen"":""Siap Dengan CCC"",""ccc"":""24/12/2025"",""vp"":""06/01/2026""}]","[{""component_number"":1,""component_label"":""Component 1"",""source_component_id"":""51068"",""property_type"":""Rumah Pangsa/Kondo"",""total_units"":250,""sold_units"":190,""unsold_units"":60,""booked_or_reserved_units"":0,""unknown_sales_status_units"":0,""comparable_total_units"":250,""sales_percentage"":76.0,""duplicate_unit_identifiers"":0,""confidence"":""high""},{""component_number"":2,""component_label"":""Component 2"",""source_component_id"":""51069"",""property_type"":""Rumah Pangsa/Kondo"",""total_units"":566,""sold_units"":565,""unsold_units"":1,""booked_or_reserved_units"":0,""unknown_sales_status_units"":0,""comparable_total_units"":566,""sales_percentage"":99.823322,""duplicate_unit_identifiers"":0,""confidence"":""high""},{""component_number"":3,""component_label"":""Component 3"",""source_component_id"":""51070"",""property_type"":""Rumah Pangsa/Kondo"",""total_units"":250,""sold_units"":204,""unsold_units"":46,""booked_or_reserved_units"":0,""unknown_sales_status_units"":0,""comparable_total_units"":250,""sales_percentage"":81.6,""duplicate_unit_identifiers"":0,""confidence"":""high""},{""component_number"":4,""component_label"":""Component 4"",""source_component_id"":""51071"",""property_type"":""Rumah Pangsa/Kondo"",""total_units"":566,""sold_units"":547,""unsold_units"":19,""booked_or_reserved_units"":0,""unknown_sales_status_units"":0,""comparable_total_units"":566,""sales_percentage"":96.64311,""duplicate_unit_identifiers"":0,""confidence"":""high""}]","[{""source_component_id"":""51068"",""property_type"":""Rumah Pangsa/Kondo"",""quota_category"":""Non-Bumiputera"",""units"":60,""listed_value"":""20560000.00"",""minimum_listed_price"":""300000.00"",""maximum_listed_price"":""428000.00"",""listed_price_coverage_percentage"":100.0},{""source_component_id"":""51069"",""property_type"":""Rumah Pangsa/Kondo"",""quota_category"":""Non-Bumiputera"",""units"":1,""listed_value"":""488000.00"",""minimum_listed_price"":""488000.00"",""maximum_listed_price"":""488000.00"",""listed_price_coverage_percentage"":100.0},{""source_component_id"":""51070"",""property_type"":""Rumah Pangsa/Kondo"",""quota_category"":""Non-Bumiputera"",""units"":46,""listed_value"":""16744000.00"",""minimum_listed_price"":""300000.00"",""maximum_listed_price"":""428000.00"",""listed_price_coverage_percentage"":100.0},{""source_component_id"":""51071"",""property_type"":""Rumah Pangsa/Kondo"",""quota_category"":""Non-Bumiputera"",""units"":19,""listed_value"":""10388000.00"",""minimum_listed_price"":""488000.00"",""maximum_listed_price"":""550000.00"",""listed_price_coverage_percentage"":100.0}]","[{""no"":""20091-2/12-2025/0856(A)-(S)"",""mula"":""30 Dec 2024"",""tamat"":""29 Dec 2025"",""tempoh"":""12 bulan"",""is_latest"":false,""status"":""Tamat""},{""no"":""20091-2/12-2025/0856(R)-(S)"",""mula"":""30 Dec 2024"",""tamat"":""29 Dec 2025"",""tempoh"":""12 bulan"",""is_latest"":false,""status"":""Tamat""},{""no"":""20091-2/12-2024/0011(A)-(S)"",""mula"":""30 Dec 2023"",""tamat"":""29 Dec 2024"",""tempoh"":""12 bulan"",""is_latest"":false,""status"":""Tamat""},{""no"":""20091-2/12-2024/0011(R)-(S)"",""mula"":""30 Dec 2023"",""tamat"":""29 Dec 2024"",""tempoh"":""12 bulan"",""is_latest"":false,""status"":""Tamat""},{""no"":""20091-2/12-2023/0967(A)-(S)"",""mula"":""30 Dec 2021"",""tamat"":""29 Dec 2023"",""tempoh"":""24 bulan"",""is_latest"":false,""status"":""Tamat""},{""no"":""20091-2/12-2023/0967(P)"",""mula"":""30 Dec 2021"",""tamat"":""29 Dec 2023"",""tempoh"":""24 bulan"",""is_latest"":false,""status"":""Tamat""}]"
Penang,Maldives Residences,Ideal Group,general,,,,,,,Yes,manual,2026-09-22,TEDUH,19537-4,Maldives Residences,19537,SOLARIS PRESTASI SDN. BHD.,Aktif,4,19537/03-2028/0455(A),2023-03-31,2028-03-30,Pulau Pinang,Daerah Barat Daya,"Daerah Barat Daya, Pulau Pinang",5.306113,100.271867,Pulau Pinang,Daerah Barat Daya,19537-4/06-2027/0503(A)-(S),2026-06-12,2027-06-11,2024-04-01,300000.00,580000.00,2024-04-01,first_spa_date,2022-01-01,Lancar,Berfasa,Jadual H,36 Bulan,2027-04-01,Ya,18 Bulan,54 Bulan,2028-10-01,No,,,1665,1665,1665,1060,605,0,0,1665,63.663664,60.953402,26.159664,37.504,854036000.00,512934.5345345345345345345345,550000.00,498000.00,550000.00,540188000.00,520564000.00,491098.1132075471698113207547,498000.00,520564000.00,313848000.00,96.367191,0.0,1,1,0,100.0,771480000.00,908730000.00,100.0,100.0,100.0,0,1665,4,high,high,high,high,,4,high,,https://teduh.kpkt.gov.my/semakan-status-kemajuan,https://teduh.kpkt.gov.my/api/projek-swasta/19537-4,https://teduh.kpkt.gov.my/api/unit-projek-swasta/19537-4,2026-09-21,TEDUH frontend previous-day label; not an API timestamp,2026-09-22T20:17:15+08:00,1.5.2,"[{""jenis"":""Rumah Pangsa/Kondo"",""tingkat"":""46"",""bilik"":""3"",""tandas"":""2"",""keluasan"":""0"",""unit"":585,""hargaMin"":""498,000.00"",""hargaMax"":""550,000.00"",""peratus"":""37.53"",""komponen"":""Lancar"",""ccc"":""-"",""vp"":""-""},{""jenis"":""Rumah Pangsa/Kondo"",""tingkat"":""46"",""bilik"":""3"",""tandas"":""2, 3"",""keluasan"":""0"",""unit"":585,""hargaMin"":""498,000.00"",""hargaMax"":""550,000.00"",""peratus"":""39.39"",""komponen"":""Lancar"",""ccc"":""-"",""vp"":""-""},{""jenis"":""Rumah Pangsa/Kondo"",""tingkat"":""34"",""bilik"":""3"",""tandas"":""2"",""keluasan"":""0"",""unit"":252,""hargaMin"":""460,000.00"",""hargaMax"":""580,000.00"",""peratus"":""36.83"",""komponen"":""Lancar"",""ccc"":""-"",""vp"":""-""},{""jenis"":""Rumah Pangsa/Kondo"",""tingkat"":""33"",""bilik"":""3"",""tandas"":""2"",""keluasan"":""0"",""unit"":243,""hargaMin"":""300,000.00"",""hargaMax"":""490,000.00"",""peratus"":""33.60"",""komponen"":""Lancar"",""ccc"":""-"",""vp"":""-""}]","[{""component_number"":1,""component_label"":""Component 1"",""source_component_id"":""53958"",""property_type"":""Rumah Pangsa/Kondo"",""total_units"":585,""sold_units"":421,""unsold_units"":164,""booked_or_reserved_units"":0,""unknown_sales_status_units"":0,""comparable_total_units"":585,""sales_percentage"":71.965812,""duplicate_unit_identifiers"":0,""confidence"":""high""},{""component_number"":2,""component_label"":""Component 2"",""source_component_id"":""53959"",""property_type"":""Rumah Pangsa/Kondo"",""total_units"":585,""sold_units"":344,""unsold_units"":241,""booked_or_reserved_units"":0,""unknown_sales_status_units"":0,""comparable_total_units"":585,""sales_percentage"":58.803419,""duplicate_unit_identifiers"":0,""confidence"":""high""},{""component_number"":3,""component_label"":""Component 3"",""source_component_id"":""53960"",""property_type"":""Rumah Pangsa/Kondo"",""total_units"":252,""sold_units"":187,""unsold_units"":65,""booked_or_reserved_units"":0,""unknown_sales_status_units"":0,""comparable_total_units"":252,""sales_percentage"":74.206349,""duplicate_unit_identifiers"":0,""confidence"":""high""},{""component_number"":4,""component_label"":""Component 4"",""source_component_id"":""53961"",""property_type"":""Rumah Pangsa/Kondo"",""total_units"":243,""sold_units"":108,""unsold_units"":135,""booked_or_reserved_units"":0,""unknown_sales_status_units"":0,""comparable_total_units"":243,""sales_percentage"":44.444444,""duplicate_unit_identifiers"":0,""confidence"":""high""}]","[{""source_component_id"":""53958"",""property_type"":""Rumah Pangsa/Kondo"",""quota_category"":""Non-Bumiputera"",""units"":164,""listed_value"":""90200000.00"",""minimum_listed_price"":""550000.00"",""maximum_listed_price"":""550000.00"",""listed_price_coverage_percentage"":100.0},{""source_component_id"":""53959"",""property_type"":""Rumah Pangsa/Kondo"",""quota_category"":""Non-Bumiputera"",""units"":241,""listed_value"":""132550000.00"",""minimum_listed_price"":""550000.00"",""maximum_listed_price"":""550000.00"",""listed_price_coverage_percentage"":100.0},{""source_component_id"":""53960"",""property_type"":""Rumah Pangsa/Kondo"",""quota_category"":""Non-Bumiputera"",""units"":65,""listed_value"":""36020000.00"",""minimum_listed_price"":""550000.00"",""maximum_listed_price"":""580000.00"",""listed_price_coverage_percentage"":100.0},{""source_component_id"":""53961"",""property_type"":""Rumah Pangsa/Kondo"",""quota_category"":""Non-Bumiputera"",""units"":135,""listed_value"":""55078000.00"",""minimum_listed_price"":""300000.00"",""maximum_listed_price"":""490000.00"",""listed_price_coverage_percentage"":100.0}]","[{""no"":""19537-4/06-2027/0503(R)-(S)"",""mula"":""12 Jun 2026"",""tamat"":""11 Jun 2027"",""tempoh"":""12 bulan"",""is_latest"":false,""status"":""Aktif""},{""no"":""19537-4/06-2026/0681(A)-(S)"",""mula"":""12 Jun 2023"",""tamat"":""11 Jun 2026"",""tempoh"":""36 bulan"",""is_latest"":false,""status"":""Tamat""},{""no"":""19537-4/06-2026/0681(N)-(S)"",""mula"":""12 Jun 2023"",""tamat"":""11 Jun 2026"",""tempoh"":""36 bulan"",""is_latest"":false,""status"":""Tamat""}]"
Penang,Pinnacle Bukit Gambier,Pinnacle Homes,reporting_set,,1080,1726,,,,Yes,user_reporting_set,2026-09-22,TEDUH,31061-1,Pinnacle Bukit Gambier,31061,PINNACLE BUKIT GAMBIER SDN. BHD.,Aktif,1,31061/06-2030/0117(N),2025-06-17,2030-06-16,Pulau Pinang,Daerah Timor Laut,"Daerah Timor Laut, Pulau Pinang",5.366892,100.295896,Pulau Pinang,Daerah Timor Laut,31061-1/09-2028/0781(N)-(S),2025-09-23,2028-09-22,2025-10-10,588800.00,1711800.00,2025-10-10,first_spa_date,2022-01-01,Lancar,Berfasa,Jadual H,36 Bulan,2028-10-10,Ya,18 Bulan,54 Bulan,2030-04-10,No,,,982,982,982,418,564,0,0,982,42.566191,35.693491,31.066191,11.5,1086152600.00,1106061.710794297352342158859,1051800.00,994800.0000,1198300.0000,461920400.00,387685780.00,927477.9425837320574162679426,926800.00,387685780.00,624232200.00,83.929132,17.552483,0,0,0,,578201600.00,1680987600.00,100.0,100.0,100.0,0,982,1,high,high,high,high,,1,high,,https://teduh.kpkt.gov.my/semakan-status-kemajuan,https://teduh.kpkt.gov.my/api/projek-swasta/31061-1,https://teduh.kpkt.gov.my/api/unit-projek-swasta/31061-1,2026-09-21,TEDUH frontend previous-day label; not an API timestamp,2026-09-22T20:17:23+08:00,1.5.2,"[{""jenis"":""Pangsapuri Servis"",""tingkat"":""45"",""bilik"":""3, 4"",""tandas"":""3, 4"",""keluasan"":""0"",""unit"":982,""hargaMin"":""588,800.00"",""hargaMax"":""1,711,800.00"",""peratus"":""11.50"",""komponen"":""Lancar"",""ccc"":""-"",""vp"":""-""}]","[{""component_number"":1,""component_label"":""Component 1"",""source_component_id"":""58682"",""property_type"":""Pangsapuri Servis"",""total_units"":982,""sold_units"":418,""unsold_units"":564,""booked_or_reserved_units"":0,""unknown_sales_status_units"":0,""comparable_total_units"":982,""sales_percentage"":42.566191,""duplicate_unit_identifiers"":0,""confidence"":""high""}]","[{""source_component_id"":""58682"",""property_type"":""Pangsapuri Servis"",""quota_category"":""Non-Bumiputera"",""units"":564,""listed_value"":""624232200.00"",""minimum_listed_price"":""798800.00"",""maximum_listed_price"":""1711800.00"",""listed_price_coverage_percentage"":100.0}]",[]
Penang,Queens Residences Q3,,general,,,,,,,Yes,manual,2026-09-22,TEDUH,19262-4,Queens Residences Q3,19262,IDEAL GIM VENTURE SDN. BHD.,Aktif,4,19262/04-2027/0070(A),2022-03-14,2027-04-17,Pulau Pinang,Daerah Barat Daya,"Daerah Barat Daya, Pulau Pinang",5.335924,100.310984,Pulau Pinang,Daerah Barat Daya,19262-4/07-2027/0609(A)-(S),2024-07-04,2027-07-03,2024-08-01,1050000.00,3336000.00,2024-08-01,first_spa_date,2022-01-01,Lancar,Berfasa,Jadual H,36 Bulan,2027-08-01,Ya,12 Bulan,48 Bulan,2028-08-01,No,,,532,532,532,314,218,0,0,532,59.022556,47.982782,31.262556,27.76,861117800.00,1618642.481203007518796992481,1519450.00,1161500.0000,1949225.0000,480745800.00,413188281.00,1315886.245222929936305732484,1244655.00,413188281.00,380372000.00,85.947351,13.932568,0,0,0,,558600000.00,1774752000.00,100.0,100.0,100.0,0,532,1,high,high,high,high,,1,high,,https://teduh.kpkt.gov.my/semakan-status-kemajuan,https://teduh.kpkt.gov.my/api/projek-swasta/19262-4,https://teduh.kpkt.gov.my/api/unit-projek-swasta/19262-4,2026-09-21,TEDUH frontend previous-day label; not an API timestamp,2026-09-22T20:17:12+08:00,1.5.2,"[{""jenis"":""Rumah Pangsa/Kondo"",""tingkat"":""25"",""bilik"":""2, 3, 32"",""tandas"":""2, 3"",""keluasan"":""0"",""unit"":532,""hargaMin"":""1,050,000.00"",""hargaMax"":""3,336,000.00"",""peratus"":""27.76"",""komponen"":""Lancar"",""ccc"":""-"",""vp"":""-""}]","[{""component_number"":1,""component_label"":""Component 1"",""source_component_id"":""56097"",""property_type"":""Rumah Pangsa/Kondo"",""total_units"":532,""sold_units"":314,""unsold_units"":218,""booked_or_reserved_units"":0,""unknown_sales_status_units"":0,""comparable_total_units"":532,""sales_percentage"":59.022556,""duplicate_unit_identifiers"":0,""confidence"":""high""}]","[{""source_component_id"":""56097"",""property_type"":""Rumah Pangsa/Kondo"",""quota_category"":""Non-Bumiputera"",""units"":218,""listed_value"":""380372000.00"",""minimum_listed_price"":""1103200.00"",""maximum_listed_price"":""3130900.00"",""listed_price_coverage_percentage"":100.0}]","[{""no"":""19262-4/07-2027/0609(A)-(S)"",""mula"":""04 Jul 2024"",""tamat"":""03 Jul 2027"",""tempoh"":""36 bulan"",""is_latest"":false,""status"":""Aktif""},{""no"":""19262-4/07-2027/0609(N)-(S)"",""mula"":""04 Jul 2024"",""tamat"":""03 Jul 2027"",""tempoh"":""36 bulan"",""is_latest"":false,""status"":""Tidak Aktif""}]"
Penang,Residensi Ria Sutera,Airmas Group,reporting_set,,,,,,,Yes,manual,2026-09-22,TEDUH,30941-1,Residensi Ria Sutera,30941,ECO SUMMIT SDN. BHD.,Aktif,1,30941/12-2029/0284(A),2024-12-20,2029-12-19,Pulau Pinang,Seberang Perai Utara,"Seberang Perai Utara, Pulau Pinang",5.411,100.375,Pulau Pinang,Seberang Perai Utara,30941-1/09-2028/0796(A)-(S),2025-09-30,2028-09-29,2026-04-20,527650.00,558650.00,2026-04-20,first_spa_date,2022-01-01,Lancar,Berfasa,Jadual H,36 Bulan,2029-04-20,Tidak,,,,No,,,148,148,148,43,105,0,0,148,29.054054,29.06263,9.224054,19.83,80364200.00,543001.3513513513513513513514,543150.00,536400.0000,549650.0000,23355950.00,23355950.00,543161.6279069767441860465116,543650.00,23355950.00,57008250.00,100.0,0.0,0,0,0,,78092200.00,82680200.00,100.0,100.0,100.0,0,148,1,high,high,high,high,,1,high,,https://teduh.kpkt.gov.my/semakan-status-kemajuan,https://teduh.kpkt.gov.my/api/projek-swasta/30941-1,https://teduh.kpkt.gov.my/api/unit-projek-swasta/30941-1,2026-09-21,TEDUH frontend previous-day label; not an API timestamp,2026-09-22T20:43:57+08:00,1.5.2,"[{""jenis"":""Rumah Pangsa/Kondo"",""tingkat"":""18"",""bilik"":""3"",""tandas"":""2"",""keluasan"":""0"",""unit"":148,""hargaMin"":""527,650.00"",""hargaMax"":""558,650.00"",""peratus"":""19.83"",""komponen"":""Lancar"",""ccc"":""-"",""vp"":""-""}]","[{""component_number"":1,""component_label"":""Component 1"",""source_component_id"":""58704"",""property_type"":""Rumah Pangsa/Kondo"",""total_units"":148,""sold_units"":43,""unsold_units"":105,""booked_or_reserved_units"":0,""unknown_sales_status_units"":0,""comparable_total_units"":148,""sales_percentage"":29.054054,""duplicate_unit_identifiers"":0,""confidence"":""high""}]","[{""source_component_id"":""58704"",""property_type"":""Rumah Pangsa/Kondo"",""quota_category"":""Non-Bumiputera"",""units"":105,""listed_value"":""57008250.00"",""minimum_listed_price"":""527650.00"",""maximum_listed_price"":""558650.00"",""listed_price_coverage_percentage"":100.0}]","[{""no"":""30941-1/09-2028/0796(A)-(S)"",""mula"":""30 Sep 2025"",""tamat"":""29 Sep 2028"",""tempoh"":""36 bulan"",""is_latest"":false,""status"":""Aktif""},{""no"":""30941-1/09-2028/0796(N)-(S)"",""mula"":""30 Sep 2025"",""tamat"":""29 Sep 2028"",""tempoh"":""36 bulan"",""is_latest"":false,""status"":""Tidak Aktif""}]"
Penang,Taman Tan Sai Gin,Airmas Group,general,,,,,,,Yes,manual,2026-09-22,TEDUH,30668-1,Taman Tan Sai Gin,30668,AIRMAS SYNERGY SDN. BHD.,Aktif,1,30668/01-2029/0010(A),2024-01-08,2029-01-07,Pulau Pinang,Seberang Perai Tengah,"Seberang Perai Tengah, Pulau Pinang",5.3678,100.4532,Pulau Pinang,Seberang Perai Tengah,30668-1/01-2027/0061(A)-(L),2025-01-22,2027-01-21,2025-07-16,838000.00,1419180.00,2025-07-16,first_spa_date,2022-01-01,Lancar,Berfasa,Jadual G,24 Bulan,2027-07-16,Tidak,,,,No,,,26,26,26,4,22,0,0,26,15.384615,14.791612,-68.655385,84.04,23893610.00,918985.00,860000.00,838000.0000,953987.5000,3534250.00,3534250.00,883562.50,898750.00,3534250.00,20359360.00,100.0,0.0,8,0,8,0.0,21788000.00,36898680.00,100.0,100.0,100.0,0,26,1,high,high,high,high,,1,high,,https://teduh.kpkt.gov.my/semakan-status-kemajuan,https://teduh.kpkt.gov.my/api/projek-swasta/30668-1,https://teduh.kpkt.gov.my/api/unit-projek-swasta/30668-1,2026-09-21,TEDUH frontend previous-day label; not an API timestamp,2026-09-22T20:44:36+08:00,1.5.2,"[{""jenis"":""Rumah Teres"",""tingkat"":""2"",""bilik"":""4"",""tandas"":""4"",""keluasan"":""154 - 185"",""unit"":26,""hargaMin"":""838,000.00"",""hargaMax"":""1,419,180.00"",""peratus"":""84.04"",""komponen"":""Lancar"",""ccc"":""-"",""vp"":""-""}]","[{""component_number"":1,""component_label"":""Component 1"",""source_component_id"":""57332"",""property_type"":""Rumah Teres"",""total_units"":26,""sold_units"":4,""unsold_units"":22,""booked_or_reserved_units"":0,""unknown_sales_status_units"":0,""comparable_total_units"":26,""sales_percentage"":15.384615,""duplicate_unit_identifiers"":0,""confidence"":""high""}]","[{""source_component_id"":""57332"",""property_type"":""Rumah Teres"",""quota_category"":""Bumiputera"",""units"":8,""listed_value"":""7085880.00"",""minimum_listed_price"":""838000.00"",""maximum_listed_price"":""1011780.00"",""listed_price_coverage_percentage"":100.0},{""source_component_id"":""57332"",""property_type"":""Rumah Teres"",""quota_category"":""Non-Bumiputera"",""units"":14,""listed_value"":""13273480.00"",""minimum_listed_price"":""838000.00"",""maximum_listed_price"":""1419180.00"",""listed_price_coverage_percentage"":100.0}]","[{""no"":""30668-1/01-2027/0061(A)-(L)"",""mula"":""22 Jan 2025"",""tamat"":""21 Jan 2027"",""tempoh"":""24 bulan"",""is_latest"":false,""status"":""Aktif""},{""no"":""30668-1/01-2027/0061(N)-(L)"",""mula"":""22 Jan 2025"",""tamat"":""21 Jan 2027"",""tempoh"":""24 bulan"",""is_latest"":false,""status"":""Tidak Aktif""}]"
Penang,The Alton,Airmas Group,reporting_set,,,,,,,Yes,user_reporting_set,2026-09-22,TEDUH,14300-2,Alton Sky Villas,14300,DUTAMAS PERMAI SDN. BHD.,Aktif,2,14300/12-2027/0122(A),2022-12-17,2027-12-16,Pulau Pinang,Daerah Timor Laut,"Daerah Timor Laut, Pulau Pinang",5.39282,100.315788,Pulau Pinang,Daerah Timor Laut,14300-2/04-2027/0249(R)-(S),2026-04-03,2027-04-02,2023-07-20,928560.00,2800000.00,2023-07-20,first_spa_date,2022-01-01,Siap Dengan CCC,Berfasa,Jadual H,36 Bulan,2026-07-20,Tidak,,,,Yes,2026-06-10,2026-06-17,161,161,161,109,52,0,0,161,67.701863,60.297863,-32.298137,100.0,177749470.00,1104033.975155279503105590062,973560.00,952560.00,1279000.00,110106510.00,107179132.00,983294.7889908256880733944954,935560.00,107179132.00,67642960.00,97.341322,3.107005,1,1,0,100.0,149498160.00,450800000.00,100.0,100.0,100.0,0,161,1,high,high,high,high,,1,high,,https://teduh.kpkt.gov.my/semakan-status-kemajuan,https://teduh.kpkt.gov.my/api/projek-swasta/14300-2,https://teduh.kpkt.gov.my/api/unit-projek-swasta/14300-2,2026-09-21,TEDUH frontend previous-day label; not an API timestamp,2026-09-22T20:17:26+08:00,1.5.2,"[{""jenis"":""Rumah Pangsa/Kondo"",""tingkat"":""29"",""bilik"":""3, 4, 5"",""tandas"":""2, 4, 5"",""keluasan"":""0"",""unit"":161,""hargaMin"":""928,560.00"",""hargaMax"":""2,800,000.00"",""peratus"":""100.00"",""komponen"":""Siap Dengan CCC"",""ccc"":""10/06/2026"",""vp"":""17/06/2026""}]","[{""component_number"":1,""component_label"":""Component 1"",""source_component_id"":""52692"",""property_type"":""Rumah Pangsa/Kondo"",""total_units"":161,""sold_units"":109,""unsold_units"":52,""booked_or_reserved_units"":0,""unknown_sales_status_units"":0,""comparable_total_units"":161,""sales_percentage"":67.701863,""duplicate_unit_identifiers"":0,""confidence"":""high""}]","[{""source_component_id"":""52692"",""property_type"":""Rumah Pangsa/Kondo"",""quota_category"":""Non-Bumiputera"",""units"":52,""listed_value"":""67642960.00"",""minimum_listed_price"":""928560.00"",""maximum_listed_price"":""2800000.00"",""listed_price_coverage_percentage"":100.0}]","[{""no"":""14300-2/04-2026/0391(A)-(S)"",""mula"":""03 Apr 2023"",""tamat"":""02 Apr 2026"",""tempoh"":""36 bulan"",""is_latest"":false,""status"":""Tamat""},{""no"":""14300-2/04-2026/0391(N)-(S)"",""mula"":""03 Apr 2023"",""tamat"":""02 Apr 2026"",""tempoh"":""36 bulan"",""is_latest"":false,""status"":""Tamat""}]"
Penang,The Anton,Tamarins Land,reporting_set,,,,,,,Yes,user_reporting_set,2026-09-22,TEDUH,30439-1,The Anton,30439,GALAKSI BEBAS SDN. BHD.,Aktif,1,30439/05-2028/0116(A),2023-05-03,2028-05-02,Pulau Pinang,Daerah Timor Laut,"Daerah Timor Laut, Pulau Pinang",5.425827,100.308036,Pulau Pinang,Daerah Timor Laut,30439-1/10-2026/1179(N)-(S),2023-10-27,2026-10-26,2023-11-29,4068000.00,7695000.00,2023-11-29,first_spa_date,2022-01-01,Siap Dengan CCC,Berfasa,Jadual H,36 Bulan,2026-11-29,Tidak,,,,Yes,2026-05-15,2026-06-04,51,51,51,47,4,0,0,51,92.156863,79.627567,-7.843137,100.0,247728000.00,4857411.764705882352941176471,4709000.00,4607000.000,4769500.000,228761000.00,197259780.00,4197016.595744680851063829787,4200000.00,197259780.00,18967000.00,86.229637,10.012621,0,0,0,,207468000.00,392445000.00,100.0,100.0,100.0,0,51,1,high,high,high,high,,1,high,,https://teduh.kpkt.gov.my/semakan-status-kemajuan,https://teduh.kpkt.gov.my/api/projek-swasta/30439-1,https://teduh.kpkt.gov.my/api/unit-projek-swasta/30439-1,2026-09-21,TEDUH frontend previous-day label; not an API timestamp,2026-09-22T20:17:28+08:00,1.5.2,"[{""jenis"":""Rumah Pangsa/Kondo"",""tingkat"":""13"",""bilik"":""3, 4"",""tandas"":""4, 5, 6"",""keluasan"":""0"",""unit"":51,""hargaMin"":""4,068,000.00"",""hargaMax"":""7,695,000.00"",""peratus"":""100.00"",""komponen"":""Siap Dengan CCC"",""ccc"":""15/05/2026"",""vp"":""04/06/2026""}]","[{""component_number"":1,""component_label"":""Component 1"",""source_component_id"":""54429"",""property_type"":""Rumah Pangsa/Kondo"",""total_units"":51,""sold_units"":47,""unsold_units"":4,""booked_or_reserved_units"":0,""unknown_sales_status_units"":0,""comparable_total_units"":51,""sales_percentage"":92.156863,""duplicate_unit_identifiers"":0,""confidence"":""high""}]","[{""source_component_id"":""54429"",""property_type"":""Rumah Pangsa/Kondo"",""quota_category"":""Non-Bumiputera"",""units"":4,""listed_value"":""18967000.00"",""minimum_listed_price"":""4214000.00"",""maximum_listed_price"":""5395000.00"",""listed_price_coverage_percentage"":100.0}]",[]
Penang,The Crown,Chin Hin,general,2024-07-14,614,1625,,,,Yes,manual,2026-09-22,TEDUH,30744-1,The Crown,30744,STELLAR PLATINUM SDN. BHD.,Aktif,1,30744/04-2029/0086(A),2024-04-22,2029-04-21,Pulau Pinang,Daerah Timor Laut,"Daerah Timor Laut, Pulau Pinang",5.455732,100.310931,Pulau Pinang,Daerah Timor Laut,30744-1/07-2027/0684(A)-(S),2024-07-30,2027-07-29,2024-08-20,783000.00,2073000.00,2024-08-20,first_spa_date,2022-01-01,Lancar,Berfasa,Jadual H,36 Bulan,2027-08-20,Ya,18 Bulan,54 Bulan,2029-02-20,No,,,588,588,588,486,102,0,0,588,82.653061,74.88208,45.153061,37.5,638783000.00,1086365.646258503401360544218,1108000.00,862000.0000,1142000.0000,524304000.00,478334000.00,984226.3374485596707818930041,1010000.00,478334000.00,114479000.00,91.232186,10.027285,0,0,0,,460404000.00,1218924000.00,100.0,100.0,100.0,0,588,1,high,high,high,high,,1,high,,https://teduh.kpkt.gov.my/semakan-status-kemajuan,https://teduh.kpkt.gov.my/api/projek-swasta/30744-1,https://teduh.kpkt.gov.my/api/unit-projek-swasta/30744-1,2026-09-21,TEDUH frontend previous-day label; not an API timestamp,2026-09-22T20:17:31+08:00,1.5.2,"[{""jenis"":""Pangsapuri Servis"",""tingkat"":""41"",""bilik"":""1, 2, 3"",""tandas"":""1, 2, 3"",""keluasan"":""0"",""unit"":588,""hargaMin"":""783,000.00"",""hargaMax"":""2,073,000.00"",""peratus"":""37.50"",""komponen"":""Lancar"",""ccc"":""-"",""vp"":""-""}]","[{""component_number"":1,""component_label"":""Component 1"",""source_component_id"":""56237"",""property_type"":""Pangsapuri Servis"",""total_units"":588,""sold_units"":486,""unsold_units"":102,""booked_or_reserved_units"":0,""unknown_sales_status_units"":0,""comparable_total_units"":588,""sales_percentage"":82.653061,""duplicate_unit_identifiers"":0,""confidence"":""high""}]","[{""source_component_id"":""56237"",""property_type"":""Pangsapuri Servis"",""quota_category"":""Non-Bumiputera"",""units"":102,""listed_value"":""114479000.00"",""minimum_listed_price"":""1077000.00"",""maximum_listed_price"":""1393000.00"",""listed_price_coverage_percentage"":100.0}]","[{""no"":""30744-1/07-2027/0684(A)-(S)"",""mula"":""30 Jul 2024"",""tamat"":""29 Jul 2027"",""tempoh"":""36 bulan"",""is_latest"":false,""status"":""Aktif""},{""no"":""30744-1/07-2027/0684(N)-(S)"",""mula"":""30 Jul 2024"",""tamat"":""29 Jul 2027"",""tempoh"":""36 bulan"",""is_latest"":false,""status"":""Tidak Aktif""}]"
Selangor,Residensi Pinnacle Ara Damansara,Pinnacle Homes,general,,,,,,,Yes,manual,2026-09-22,TEDUH,30572-1,Residensi Pinnacle Ara Damansara,30572,PINNACLE ARMANI AD SDN. BHD.,Aktif,1,30572/10-2028/0247(A),2023-10-02,2028-10-01,Selangor,Petaling,"Petaling , Selangor",3.1085,101.590331,Selangor,Petaling,30572-1/11-2026/1283(A)-(S),2023-11-29,2026-11-28,2023-12-28,433800.00,1153800.00,2023-12-28,first_spa_date,2022-01-01,Lancar,Berfasa,Jadual H,36 Bulan,2026-12-28,Ya,12 Bulan,48 Bulan,2027-12-28,No,,,1225,1225,1225,1225,0,0,0,1225,100.0,89.255507,20.109429,79.890571,716823000.00,585161.6326530612244897959184,533800.00,516800.00,644800.00,716823000.00,639804000.00,522288.9795918367346938775510,480800.00,639804000.00,0,89.255507,10.902831,72,72,0,100.0,535695000.00,1271100000.00,100.0,100.0,100.0,0,1225,2,high,high,high,high,,2,high,,https://teduh.kpkt.gov.my/semakan-status-kemajuan,https://teduh.kpkt.gov.my/api/projek-swasta/30572-1,https://teduh.kpkt.gov.my/api/unit-projek-swasta/30572-1,2026-09-21,TEDUH frontend previous-day label; not an API timestamp,2026-09-22T20:17:34+08:00,1.5.2,"[{""jenis"":""Pangsapuri Servis"",""tingkat"":""30"",""bilik"":""3, 4"",""tandas"":""2, 3, 4"",""keluasan"":""0"",""unit"":895,""hargaMin"":""433,800.00"",""hargaMax"":""994,800.00"",""peratus"":""75.61"",""komponen"":""Lancar"",""ccc"":""-"",""vp"":""-""},{""jenis"":""Pangsapuri Servis"",""tingkat"":""42"",""bilik"":""2, 3"",""tandas"":""2"",""keluasan"":""0"",""unit"":330,""hargaMin"":""446,800.00"",""hargaMax"":""1,153,800.00"",""peratus"":""91.50"",""komponen"":""Lancar"",""ccc"":""-"",""vp"":""-""}]","[{""component_number"":1,""component_label"":""Component 1"",""source_component_id"":""54620"",""property_type"":""Pangsapuri Servis"",""total_units"":895,""sold_units"":895,""unsold_units"":0,""booked_or_reserved_units"":0,""unknown_sales_status_units"":0,""comparable_total_units"":895,""sales_percentage"":100.0,""duplicate_unit_identifiers"":0,""confidence"":""high""},{""component_number"":2,""component_label"":""Component 2"",""source_component_id"":""54621"",""property_type"":""Pangsapuri Servis"",""total_units"":330,""sold_units"":330,""unsold_units"":0,""booked_or_reserved_units"":0,""unknown_sales_status_units"":0,""comparable_total_units"":330,""sales_percentage"":100.0,""duplicate_unit_identifiers"":0,""confidence"":""high""}]",[],"[{""no"":""30572-1/11-2026/1283(N)-(S)"",""mula"":""29 Nov 2023"",""tamat"":""28 Nov 2026"",""tempoh"":""36 bulan"",""is_latest"":false,""status"":""Aktif""}]"
